Alabama;Birmingham;AL;704676
Alabama;Huntsville;AL;339136
Alabama;Mobile;AL;322079
Alabama;Montgomery;AL;253711
Alabama;Tuscaloosa;AL;148523
Alabama;Hoover;AL;91371
Alabama;Auburn;AL;91047
Alabama;Florence;AL;79590
Alabama;Anniston;AL;77690
Alabama;Dothan;AL;72389
Alabama;Decatur;AL;69710
Alabama;Madison;AL;55551
Alabama;Vestavia Hills;AL;38504
Alabama;Phenix City;AL;38216
Alabama;Prattville;AL;37977
Alabama;Gadsden;AL;34317
Alabama;Alabaster;AL;33133
Alabama;Opelika;AL;30810
Alabama;Northport;AL;30334
Alabama;Enterprise;AL;28242
Alabama;Daphne;AL;27088
Alabama;Homewood;AL;26206
Alabama;Bessemer;AL;26171
Alabama;Athens;AL;25213
Alabama;Trussville;AL;25027
Alabama;Pelham;AL;24134
Alabama;Albertville;AL;22268
Alabama;Oxford;AL;22210
Alabama;Mountain Brook;AL;22184
Alabama;Fairhope;AL;21825
Alabama;Helena;AL;20680
Alabama;Foley;AL;20170
Alabama;Prichard;AL;19645
Alabama;Selma;AL;18429
Alabama;Tillmans Corner;AL;18313
Alabama;Cullman;AL;17892
Alabama;Troy;AL;17765
Alabama;Hueytown;AL;16694
Alabama;Millbrook;AL;16675
Alabama;Center Point;AL;16422
Alabama;Calera;AL;16126
Alabama;Muscle Shoals;AL;15969
Alabama;Saraland;AL;15942
Alabama;Gardendale;AL;15920
Alabama;Talladega;AL;15782
Alabama;Scottsboro;AL;15446
Alabama;Hartselle;AL;15308
Alabama;Alexander City;AL;14765
Alabama;Fort Payne;AL;14730
Alabama;Gulf Shores;AL;14712
Alabama;Chelsea;AL;14710
Alabama;Ozark;AL;14396
Alabama;Jasper;AL;14370
Alabama;Irondale;AL;13457
Alabama;McCalla;AL;13221
Alabama;Moody;AL;13100
Alabama;Jacksonville;AL;13076
Alabama;Pell City;AL;12923
Alabama;Eufaula;AL;12753
Alabama;Sylacauga;AL;12512
Alaska;Anchorage;AK;292545
Alaska;Fairbanks;AK;64160
Alaska;Juneau;AK;32240
Alaska;Badger;AK;19226
Alaska;Knik-Fairview;AK;18282
Alaska;College;AK;11797
Alaska;Tanaina;AK;10314
Alaska;North Lakes;AK;9941
Alaska;Wasilla;AK;9098
Alaska;Sitka;AK;8518
Alaska;Kalifornsky;AK;8428
Alaska;Meadow Lakes;AK;8367
Alaska;Ketchikan;AK;8150
Alaska;Kenai;AK;7452
Alaska;Steele Creek;AK;7399
Alaska;South Lakes;AK;6421
Alaska;Gateway;AK;6305
Alaska;Bethel;AK;6273
Alaska;Sterling;AK;6016
Alaska;Palmer;AK;5978
Alaska;Kodiak;AK;5682
Alaska;Chena Ridge;AK;5643
Alaska;Homer;AK;5531
Alaska;Utqiagvik;AK;5123
Alaska;Fishhook;AK;5055
Alaska;Soldotna;AK;4370
Alaska;Unalaska;AK;4339
Alaska;Nikiski;AK;4232
Alaska;Farmers Loop;AK;4216
Alaska;Valdez;AK;3966
Alaska;Butte;AK;3857
Alaska;Mill Bay;AK;3719
Alaska;Nome;AK;3685
Alaska;Petersburg;AK;3259
Alaska;Eielson AFB;AK;3240
Alaska;Kotzebue;AK;3199
Alaska;Big Lake;AK;2888
Alaska;North Pole;AK;2825
Alaska;Goldstream;AK;2822
Alaska;Ester;AK;2719
Alaska;Ridgeway;AK;2689
Alaska;Seward;AK;2614
Alaska;Cordova;AK;2588
Alaska;Farm Loop;AK;2549
Alaska;Anchor Point;AK;2288
Alaska;Kodiak Station;AK;2183
Alaska;Wrangell;AK;2162
Alaska;Fritz Creek;AK;2145
Alaska;Dillingham;AK;2133
Alaska;Deltana;AK;2022
Alaska;Willow;AK;1965
Alaska;Lazy Mountain;AK;1766
Alaska;Houston;AK;1739
Alaska;Haines;AK;1571
Alaska;Cohoe;AK;1557
Alaska;Bear Creek;AK;1524
Alaska;Prudhoe Bay;AK;1500
Alaska;Metlakatla;AK;1445
Alaska;Diamond Ridge;AK;1409
Alaska;Point MacKenzie;AK;1364
Arizona;Phoenix;AZ;4047095
Arizona;Tucson;AZ;875284
Arizona;Mesa;AZ;497752
Arizona;Chandler;AZ;272439
Arizona;Gilbert;AZ;262249
Arizona;Avondale;AZ;254537
Arizona;Glendale;AZ;245685
Arizona;Scottsdale;AZ;238685
Arizona;Peoria;AZ;187733
Arizona;Tempe;AZ;178862
Arizona;Surprise;AZ;141875
Arizona;Yuma;AZ;135933
Arizona;Prescott Valley;AZ;97901
Arizona;San Tan Valley;AZ;96127
Arizona;Goodyear;AZ;93651
Arizona;Buckeye;AZ;89711
Arizona;Flagstaff;AZ;81682
Arizona;Casas Adobes;AZ;70224
Arizona;Queen Creek;AZ;57728
Arizona;Maricopa;AZ;57075
Arizona;Lake Havasu City;AZ;56510
Arizona;Casa Grande;AZ;53488
Arizona;Marana;AZ;50834
Arizona;Catalina Foothills;AZ;50096
Arizona;Oro Valley;AZ;46515
Arizona;Prescott;AZ;45063
Arizona;Sierra Vista;AZ;44944
Arizona;Bullhead City;AZ;41064
Arizona;Apache Junction;AZ;38311
Arizona;Sun City;AZ;37693
Arizona;El Mirage;AZ;35410
Arizona;San Luis;AZ;35289
Arizona;Sahuarita;AZ;33524
Arizona;Kingman;AZ;32204
Arizona;Drexel Heights;AZ;30599
Arizona;Fortuna Foothills;AZ;26727
Arizona;Sun City West;AZ;26354
Arizona;Florence;AZ;25356
Arizona;Fountain Hills;AZ;23639
Arizona;Anthem;AZ;22750
Arizona;Rio Rico;AZ;20914
Arizona;Green Valley;AZ;20729
Arizona;Nogales;AZ;19829
Arizona;New River;AZ;17731
Arizona;Flowing Wells;AZ;16965
Arizona;Douglas;AZ;16470
Arizona;Payson;AZ;16229
Arizona;Fort Mohave;AZ;15872
Arizona;Eloy;AZ;15171
Arizona;Tanque Verde;AZ;14946
Arizona;Sierra Vista Southeast;AZ;14822
Arizona;Vail;AZ;14715
Arizona;Somerton;AZ;14126
Arizona;Sun Lakes;AZ;13912
Arizona;Coolidge;AZ;13347
Arizona;Valencia West;AZ;12887
Arizona;New Kingman-Butler;AZ;12858
Arizona;Chino Valley;AZ;12854
Arizona;Paradise Valley;AZ;12666
Arizona;Verde Village;AZ;12658
Arkansas;Little Rock;AR;457379
Arkansas;Fayetteville;AR;381636
Arkansas;Fort Smith;AR;127699
Arkansas;Springdale;AR;85887
Arkansas;Jonesboro;AR;77520
Arkansas;Conway;AR;70555
Arkansas;Rogers;AR;68340
Arkansas;North Little Rock;AR;64444
Arkansas;Bentonville;AR;52565
Arkansas;Pine Bluff;AR;41964
Arkansas;Hot Springs;AR;38050
Arkansas;Benton;AR;34746
Arkansas;Sherwood;AR;32544
Arkansas;Bella Vista;AR;29818
Arkansas;Texarkana;AR;29492
Arkansas;Jacksonville;AR;29385
Arkansas;Paragould;AR;29327
Arkansas;Russellville;AR;29057
Arkansas;Cabot;AR;26411
Arkansas;West Memphis;AR;24666
Arkansas;Van Buren;AR;23213
Arkansas;Searcy;AR;23074
Arkansas;Bryant;AR;20399
Arkansas;Maumelle;AR;19070
Arkansas;El Dorado;AR;17800
Arkansas;Centerton;AR;17455
Arkansas;Siloam Springs;AR;16944
Arkansas;Hot Springs Village;AR;15970
Arkansas;Marion;AR;13624
Arkansas;Blytheville;AR;13559
Arkansas;Forrest City;AR;13372
Arkansas;Harrison;AR;13081
Arkansas;Mountain Home;AR;12722
Arkansas;Magnolia;AR;11205
Arkansas;Batesville;AR;11117
Arkansas;Camden;AR;10644
Arkansas;Malvern;AR;10626
Arkansas;Arkadelphia;AR;10332
Arkansas;Helena-West Helena;AR;9707
Arkansas;Lowell;AR;9630
Arkansas;Greenwood;AR;9498
Arkansas;Clarksville;AR;9444
Arkansas;Hope;AR;9010
Arkansas;Monticello;AR;8567
Arkansas;Stuttgart;AR;8363
Arkansas;Wynne;AR;8352
Arkansas;Beebe;AR;8343
Arkansas;Newport;AR;7829
Arkansas;Farmington;AR;7601
Arkansas;Trumann;AR;7416
Arkansas;Pocahontas;AR;7269
Arkansas;Osceola;AR;7016
Arkansas;Heber Springs;AR;7015
Arkansas;Morrilton;AR;6948
Arkansas;Prairie Grove;AR;6908
Arkansas;Pea Ridge;AR;6491
Arkansas;East End;AR;6432
Arkansas;De Queen;AR;6192
Arkansas;Ward;AR;5943
Arkansas;Alma;AR;5806
California;Los Angeles;CA;12121244
California;San Francisco;CA;3290197
California;San Diego;CA;3084174
California;Riverside;CA;2022285
California;Sacramento;CA;1924167
California;San Jose;CA;1729879
California;Fresno;CA;719558
California;Concord;CA;640270
California;Bakersfield;CA;590845
California;Mission Viejo;CA;588540
California;Murrieta;CA;509526
California;Long Beach;CA;466565
California;Oakland;CA;437548
California;Stockton;CA;406822
California;Victorville;CA;389060
California;Modesto;CA;382994
California;Lancaster;CA;381732
California;Oxnard;CA;366330
California;Indio;CA;361831
California;Anaheim;CA;348204
California;Antioch;CA;322796
California;Santa Rosa;CA;314196
California;Santa Ana;CA;313818
California;Irvine;CA;297868
California;Santa Clarita;CA;275230
California;Chula Vista;CA;274818
California;Visalia;CA;249804
California;Fremont;CA;231502
California;San Bernardino;CA;220821
California;Thousand Oaks;CA;211045
California;Moreno Valley;CA;208371
California;Fontana;CA;208087
California;Salinas;CA;199290
California;Huntington Beach;CA;198735
California;Santa Barbara;CA;198240
California;Glendale;CA;196512
California;Hemet;CA;191170
California;Vallejo;CA;181882
California;Elk Grove;CA;175510
California;Ontario;CA;175223
California;Oceanside;CA;174461
California;Rancho Cucamonga;CA;173946
California;Garden Grove;CA;172708
California;Palmdale;CA;167987
California;Santa Cruz;CA;165933
California;Hayward;CA;162254
California;Corona;CA;157844
California;Merced;CA;157617
California;Sunnyvale;CA;155550
California;Pomona;CA;151592
California;Escondido;CA;151443
California;Torrance;CA;147156
California;Roseville;CA;145687
California;Fairfield;CA;145163
California;Fullerton;CA;142964
California;Santa Maria;CA;142230
California;Orange;CA;139195
California;Pasadena;CA;138771
California;Yuba City;CA;129536
California;Santa Clara;CA;127922
Colorado;Denver;CO;2650725
Colorado;Colorado Springs;CO;628808
Colorado;Aurora;CO;383496
Colorado;Fort Collins;CO;301596
Colorado;Lakewood;CO;155608
Colorado;Pueblo;CO;142727
Colorado;Thornton;CO;140538
Colorado;Greeley;CO;135270
Colorado;Grand Junction;CO;134074
Colorado;Arvada;CO;122903
Colorado;Boulder;CO;120818
Colorado;Westminster;CO;115535
Colorado;Centennial;CO;107972
Colorado;Longmont;CO;104035
Colorado;Highlands Ranch;CO;103238
Colorado;Lafayette;CO;99475
Colorado;Loveland;CO;75938
Colorado;Broomfield;CO;72697
Colorado;Castle Rock;CO;71037
Colorado;Commerce City;CO;61516
Colorado;Parker;CO;57311
Colorado;Littleton;CO;45465
Colorado;Security-Widefield;CO;40158
Colorado;Brighton;CO;39895
Colorado;Northglenn;CO;37899
Colorado;Dakota Ridge;CO;34361
Colorado;Ken Caryl;CO;33889
Colorado;Englewood;CO;33500
Colorado;Pueblo West;CO;32991
Colorado;Wheat Ridge;CO;32340
Colorado;Windsor;CO;31972
Colorado;Fountain;CO;29495
Colorado;Erie;CO;29367
Colorado;Columbine;CO;25924
Colorado;Evans;CO;21727
Colorado;Four Square Mile;CO;21723
Colorado;Louisville;CO;21091
Colorado;Clifton;CO;20122
Colorado;Montrose;CO;20098
Colorado;Sherrelwood;CO;20069
Colorado;Golden;CO;20041
Colorado;Durango;CO;18953
Colorado;Cimarron Hills;CO;18619
Colorado;Ca√±on City;CO;17157
Colorado;Fort Carson;CO;16743
Colorado;Johnstown;CO;16596
Colorado;Welby;CO;16260
Colorado;Firestone;CO;15949
Colorado;Greenwood Village;CO;15548
Colorado;Black Forest;CO;14375
Colorado;Frederick;CO;14127
Colorado;Federal Heights;CO;14111
Colorado;Sterling;CO;13976
Colorado;Lone Tree;CO;13701
Colorado;Fruita;CO;13296
Colorado;Superior;CO;13283
Colorado;Steamboat Springs;CO;13193
Colorado;Fort Morgan;CO;11483
Colorado;Cherry Creek;CO;11389
Colorado;Castle Pines;CO;11296
Connecticut;Bridgeport;CT;975078
Connecticut;Hartford;CT;907046
Connecticut;New Haven;CT;587648
Connecticut;Norwich;CT;201726
Connecticut;Waterbury;CT;199552
Connecticut;Danbury;CT;177722
Connecticut;Stamford;CT;134820
Connecticut;Norwalk;CT;90821
Connecticut;New Britain;CT;74022
Connecticut;Meriden;CT;60790
Connecticut;Bristol;CT;60733
Connecticut;West Haven;CT;55518
Connecticut;Milford city ;CT;50694
Connecticut;Middletown;CT;47164
Connecticut;Shelton;CT;40944
Connecticut;Torrington;CT;35447
Connecticut;Naugatuck;CT;31586
Connecticut;New London;CT;27585
Connecticut;Wallingford Center;CT;19211
Connecticut;Ansonia;CT;18945
Connecticut;Willimantic;CT;18150
Connecticut;Storrs;CT;16784
Connecticut;Long Hill;CT;12952
Connecticut;Derby;CT;12387
Connecticut;Trumbull Center;CT;10468
Connecticut;Kensington;CT;9626
Connecticut;Oakville;CT;9507
Connecticut;Conning Towers Nautilus Park;CT;9479
Connecticut;Sandy Hook;CT;9406
Connecticut;Riverside;CT;9133
Connecticut;Glastonbury Center;CT;8187
Connecticut;Thompsonville;CT;8134
Connecticut;Southwood Acres;CT;7875
Connecticut;Rockville;CT;7612
Connecticut;New Canaan;CT;7399
Connecticut;Staples;CT;7125
Connecticut;Cos Cob;CT;7089
Connecticut;Old Greenwich;CT;6929
Connecticut;Winsted;CT;6662
Connecticut;Northford;CT;6117
Connecticut;Simsbury Center;CT;6072
Connecticut;Hazardville;CT;6070
Connecticut;Cheshire Village;CT;6006
Connecticut;Branford Center;CT;5934
Connecticut;Daniels Farm;CT;5764
Connecticut;Sherwood Manor;CT;5710
Connecticut;Noroton;CT;5682
Connecticut;Pawcatuck;CT;5383
Connecticut;Lake Pocotopaug;CT;5124
Connecticut;Terryville;CT;5110
Connecticut;Byram;CT;4994
Connecticut;Quinnipiac University;CT;4614
Connecticut;Stafford Springs;CT;4611
Connecticut;Mystic;CT;4354
Connecticut;East Village;CT;4250
Connecticut;Heritage Village;CT;4232
Connecticut;Danielson;CT;4146
Connecticut;Broad Brook;CT;4145
Connecticut;Oronoque;CT;3790
Connecticut;Collinsville;CT;3551
Delaware;Dover;DE;125931
Delaware;Wilmington;DE;70926
Delaware;Newark;DE;31393
Delaware;Middletown;DE;23001
Delaware;Bear;DE;21625
Delaware;Glasgow;DE;15342
Delaware;Brookside;DE;14202
Delaware;Hockessin;DE;13464
Delaware;Smyrna;DE;12619
Delaware;Pike Creek Valley;DE;11718
Delaware;Milford;DE;11249
Delaware;Claymont;DE;9508
Delaware;Wilmington Manor;DE;8212
Delaware;North Star;DE;8009
Delaware;Seaford;DE;7852
Delaware;Pike Creek;DE;7398
Delaware;Georgetown;DE;7079
Delaware;Edgemoor;DE;6681
Delaware;Millsboro;DE;6542
Delaware;Elsmere;DE;6167
Delaware;New Castle;DE;5482
Delaware;Highland Acres;DE;3910
Delaware;Laurel;DE;3886
Delaware;Clayton;DE;3845
Delaware;Camden;DE;3786
Delaware;Rising Sun-Lebanon;DE;3772
Delaware;Harrington;DE;3730
Delaware;Lewes;DE;3257
Delaware;Milton;DE;3224
Delaware;Dover Base Housing;DE;3135
Delaware;Long Neck;DE;3022
Delaware;Selbyville;DE;2806
Delaware;Greenville;DE;2763
Delaware;Townsend;DE;2671
Delaware;Ocean View;DE;2556
Delaware;Bridgeville;DE;2499
Delaware;Delmar;DE;2241
Delaware;Riverview;DE;2091
Delaware;Delaware City;DE;1885
Delaware;Woodside East;DE;1867
Delaware;Millville;DE;1790
Delaware;Kent Acres;DE;1756
Delaware;Cheswold;DE;1705
Delaware;Wyoming;DE;1636
Delaware;Rodney Village;DE;1472
Delaware;Greenwood;DE;1459
Delaware;Rehoboth Beach;DE;1392
Delaware;Bellefonte;DE;1294
Delaware;Newport;DE;1224
Delaware;St. Georges;DE;1197
Delaware;Felton;DE;1144
Delaware;Frankford;DE;1088
Delaware;Dagsboro;DE;1087
Delaware;Bethany Beach;DE;936
Delaware;Frederica;DE;910
Delaware;Blades;DE;857
Delaware;Ellendale;DE;771
Delaware;Lincoln;DE;758
Delaware;Arden;DE;551
Delaware;South Bethany;DE;475
District of Columbia;Washington;DC;4810669
Florida;Miami;FL;5711945
Florida;Tampa;FL;2683956
Florida;Orlando;FL;1927699
Florida;Jacksonville;FL;1220191
Florida;Sarasota;FL;727388
Florida;Cape Coral;FL;682773
Florida;Palm Bay;FL;528322
Florida;Port St. Lucie;FL;468979
Florida;Palm Coast;FL;403834
Florida;Kissimmee;FL;399929
Florida;Pensacola;FL;360711
Florida;Bonita Springs;FL;347581
Florida;Lakeland;FL;308994
Florida;St. Petersburg;FL;258245
Florida;Tallahassee;FL;257648
Florida;Winter Haven;FL;240768
Florida;Hialeah;FL;224362
Florida;Navarre;FL;223951
Florida;North Port;FL;221616
Florida;Gainesville;FL;213287
Florida;Deltona;FL;212616
Florida;Fort Lauderdale;FL;182247
Florida;Spring Hill;FL;179668
Florida;Vero Beach South;FL;174748
Florida;Ocala;FL;174618
Florida;Pembroke Pines;FL;170346
Florida;Leesburg;FL;154301
Florida;Hollywood;FL;152597
Florida;Panama City;FL;149366
Florida;Miramar;FL;134306
Florida;Coral Springs;FL;133693
Florida;Lehigh Acres;FL;123751
Florida;The Villages;FL;119296
Florida;Clearwater;FL;116616
Florida;West Palm Beach;FL;115877
Florida;Brandon;FL;115330
Florida;Miami Gardens;FL;111706
Florida;Pompano Beach;FL;111423
Florida;Davie;FL;104782
Florida;Riverview;FL;98928
Florida;Sunrise;FL;96220
Florida;Boca Raton;FL;95347
Florida;Plantation;FL;92212
Florida;Alafaya;FL;92080
Florida;Town 'n' Country;FL;89679
Florida;Homosassa Springs;FL;86578
Florida;Deerfield Beach;FL;86062
Florida;Fort Myers;FL;84694
Florida;Pine Hills;FL;84289
Florida;Melbourne;FL;83500
Florida;Miami Beach;FL;83469
Florida;Largo;FL;82505
Florida;Zephyrhills;FL;79795
Florida;Boynton Beach;FL;79479
Florida;Homestead;FL;78885
Florida;St. Augustine;FL;78386
Florida;Kendall;FL;78007
Florida;Lauderhill;FL;73935
Florida;Doral;FL;73126
Florida;Tamarac;FL;71140
Georgia;Atlanta;GA;5046555
Georgia;Augusta;GA;409668
Georgia;Savannah;GA;289607
Georgia;Columbus;GA;262061
Georgia;Warner Robins;GA;157416
Georgia;Macon;GA;156711
Georgia;Athens;GA;142277
Georgia;Gainesville;GA;139507
Georgia;Sandy Springs;GA;106605
Georgia;South Fulton;GA;105551
Georgia;Roswell;GA;92688
Georgia;Dalton;GA;87944
Georgia;Albany;GA;84901
Georgia;Johns Creek;GA;82068
Georgia;Valdosta;GA;78786
Georgia;Rome;GA;66998
Georgia;Alpharetta;GA;65187
Georgia;Marietta;GA;60962
Georgia;Stonecrest;GA;58602
Georgia;Smyrna;GA;55460
Georgia;Brookhaven;GA;54902
Georgia;Dunwoody;GA;51103
Georgia;Peachtree Corners;GA;42065
Georgia;Mableton;GA;41632
Georgia;Newnan;GA;41598
Georgia;Milton;GA;40487
Georgia;Evans;GA;38452
Georgia;East Point;GA;37895
Georgia;Peachtree City;GA;37867
Georgia;Tucker;GA;36764
Georgia;Hinesville;GA;34733
Georgia;Douglasville;GA;34410
Georgia;Woodstock;GA;33857
Georgia;Martinez;GA;33829
Georgia;Kennesaw;GA;33036
Georgia;Redan;GA;32712
Georgia;Statesboro;GA;32400
Georgia;Canton;GA;32342
Georgia;Duluth;GA;31506
Georgia;LaGrange;GA;31053
Georgia;Lawrenceville;GA;30299
Georgia;Chamblee;GA;29894
Georgia;McDonough;GA;28574
Georgia;Stockbridge;GA;28567
Georgia;Carrollton;GA;26773
Georgia;Union City;GA;26273
Georgia;Pooler;GA;25284
Georgia;Sugar Hill;GA;24599
Georgia;Decatur;GA;24334
Georgia;Griffin;GA;23300
Georgia;Candler-McAfee;GA;22880
Georgia;Cartersville;GA;22626
Georgia;Acworth;GA;22330
Georgia;Suwanee;GA;20629
Georgia;Snellville;GA;20475
Georgia;Perry;GA;20227
Georgia;Forest Park;GA;19856
Georgia;Thomasville;GA;18844
Georgia;Fayetteville;GA;18633
Georgia;Kingsland;GA;18217
Hawaii;Honolulu;HI;835291
Hawaii;Kailua;HI;106260
Hawaii;East Honolulu;HI;50076
Hawaii;Hilo;HI;46559
Hawaii;Pearl City;HI;45941
Hawaii;Waipahu;HI;39927
Hawaii;Kaneohe;HI;34509
Hawaii;Ewa Gentry;HI;28125
Hawaii;Mililani Town;HI;27974
Hawaii;Kahului;HI;27938
Hawaii;Kapolei;HI;23248
Hawaii;Kihei;HI;22840
Hawaii;Mililani Mauka;HI;21657
Hawaii;Makakilo;HI;20862
Hawaii;Schofield Barracks;HI;18255
Hawaii;Wahiawa;HI;17357
Hawaii;Ocean Pointe;HI;16676
Hawaii;Wailuku;HI;15670
Hawaii;Halawa;HI;14990
Hawaii;Ewa Beach;HI;14614
Hawaii;Royal Kunia;HI;14390
Hawaii;Waianae;HI;14152
Hawaii;Waimalu;HI;13818
Hawaii;Lahaina;HI;13261
Hawaii;Maili;HI;13245
Hawaii;Nanakuli;HI;12587
Hawaii;Hawaiian Paradise Park;HI;11942
Hawaii;Kapaa;HI;11516
Hawaii;Waihee-Waiehu;HI;11059
Hawaii;Waipio;HI;10989
Hawaii;Waimea;HI;10422
Hawaii;Hickam Housing;HI;10022
Hawaii;Makaha;HI;9710
Hawaii;Aiea;HI;9527
Hawaii;Haiku-Pauwela;HI;9347
Hawaii;Ahuimanu;HI;8943
Hawaii;Lihue;HI;8371
Hawaii;Makawao;HI;7670
Hawaii;Waikoloa Village;HI;7519
Hawaii;Waikele;HI;7495
Hawaii;Kula;HI;7495
Hawaii;Pukalani;HI;7315
Hawaii;Kahaluu-Keauhou;HI;7236
Hawaii;Napili-Honokowai;HI;6762
Hawaii;Ewa Villages;HI;6657
Hawaii;Wailua Homesteads;HI;6634
Hawaii;Wailea;HI;6546
Hawaii;Laie;HI;6436
Hawaii;West Loch Estate;HI;6239
Hawaii;Iroquois Point;HI;5737
Hawaii;Waipio Acres;HI;5618
Hawaii;Waimanalo;HI;5371
Hawaii;Kahaluu;HI;5006
Hawaii;Heeia;HI;4777
Hawaii;Kalaheo;HI;4776
Hawaii;Haleiwa;HI;4651
Hawaii;Hanamaulu;HI;4435
Hawaii;Pupukea;HI;4416
Hawaii;Waimanalo Beach;HI;4389
Hawaii;Hawaiian Beaches;HI;4213
Idaho;Boise;ID;422665
Idaho;Nampa;ID;194547
Idaho;Meridian;ID;115227
Idaho;Coeur d'Alene;ID;114880
Idaho;Idaho Falls;ID;101326
Idaho;Pocatello;ID;74359
Idaho;Caldwell;ID;58872
Idaho;Twin Falls;ID;51223
Idaho;Post Falls;ID;38162
Idaho;Lewiston;ID;33964
Idaho;Rexburg;ID;33684
Idaho;Eagle;ID;29665
Idaho;Moscow;ID;25336
Idaho;Kuna;ID;23765
Idaho;Ammon;ID;17401
Idaho;Mountain Home;ID;15863
Idaho;Chubbuck;ID;15445
Idaho;Hayden;ID;15316
Idaho;Jerome;ID;12182
Idaho;Blackfoot;ID;12106
Idaho;Garden City;ID;12056
Idaho;Burley;ID;11274
Idaho;Star;ID;10929
Idaho;Rathdrum;ID;9099
Idaho;Middleton;ID;9091
Idaho;Hailey;ID;9001
Idaho;Sandpoint;ID;8448
Idaho;Payette;ID;7999
Idaho;Emmett;ID;7408
Idaho;Rupert;ID;5994
Idaho;Fruitland;ID;5903
Idaho;Weiser;ID;5578
Idaho;Preston;ID;5545
Idaho;Rigby;ID;4920
Idaho;Shelley;ID;4784
Idaho;Buhl;ID;4532
Idaho;American Falls;ID;4531
Idaho;Kimberly;ID;4508
Idaho;Lincoln;ID;3919
Idaho;St. Anthony;ID;3677
Idaho;Gooding;ID;3625
Idaho;Heyburn;ID;3592
Idaho;McCall;ID;3568
Idaho;Ketchum;ID;3448
Idaho;Hidden Springs;ID;3382
Idaho;Victor;ID;3315
Idaho;Grangeville;ID;3296
Idaho;Orofino;ID;3216
Idaho;Salmon;ID;3114
Idaho;Soda Springs;ID;3084
Idaho;St. Maries;ID;2951
Idaho;Mountain Home AFB;ID;2863
Idaho;Wendell;ID;2859
Idaho;Homedale;ID;2845
Idaho;Aberdeen;ID;2795
Idaho;Filer;ID;2734
Idaho;Iona;ID;2640
Idaho;Montpelier;ID;2610
Idaho;Bellevue;ID;2508
Idaho;Fort Hall;ID;2499
Illinois;Chicago;IL;8595181
Illinois;Rockford;IL;289763
Illinois;Round Lake Beach;IL;287012
Illinois;Peoria;IL;255718
Illinois;Aurora;IL;183447
Illinois;Springfield;IL;162588
Illinois;Champaign;IL;153278
Illinois;Joliet;IL;150323
Illinois;Naperville;IL;149013
Illinois;Bloomington;IL;134357
Illinois;Elgin;IL;114156
Illinois;Waukegan;IL;89751
Illinois;Decatur;IL;88002
Illinois;Cicero;IL;84905
Illinois;Alton;IL;83705
Illinois;Kankakee;IL;82095
Illinois;Evanston;IL;78454
Illinois;Schaumburg;IL;78053
Illinois;Arlington Heights;IL;77283
Illinois;Bolingbrook;IL;73807
Illinois;Palatine;IL;67754
Illinois;Skokie;IL;67444
Illinois;DeKalb;IL;66624
Illinois;Carbondale;IL;66482
Illinois;Des Plaines;IL;60413
Illinois;Orland Park;IL;58622
Illinois;Oak Lawn;IL;58032
Illinois;Berwyn;IL;56960
Illinois;Mount Prospect;IL;56510
Illinois;Tinley Park;IL;55988
Illinois;Oak Park;IL;54100
Illinois;Wheaton;IL;53762
Illinois;Normal;IL;53446
Illinois;Hoffman Estates;IL;52153
Illinois;Downers Grove;IL;50209
Illinois;Glenview;IL;48150
Illinois;Elmhurst;IL;45661
Illinois;Lombard;IL;44311
Illinois;Plainfield;IL;44296
Illinois;Buffalo Grove;IL;43062
Illinois;Moline;IL;42660
Illinois;Belleville;IL;42463
Illinois;Bartlett;IL;41126
Illinois;Romeoville;IL;40099
Illinois;Crystal Lake;IL;40082
Illinois;Carol Stream;IL;39895
Illinois;Streamwood;IL;39736
Illinois;Quincy;IL;39687
Illinois;Park Ridge;IL;39562
Illinois;Urbana;IL;39189
Illinois;Wheeling;IL;39104
Illinois;Carpentersville;IL;37940
Illinois;Hanover Park;IL;37545
Illinois;Rock Island;IL;37519
Illinois;Calumet City;IL;36065
Illinois;Addison;IL;35999
Illinois;Northbrook;IL;35108
Illinois;Oswego;IL;34324
Illinois;Woodridge;IL;34161
Illinois;Glendale Heights;IL;33443
Indiana;Indianapolis;IN;1659305
Indiana;Fort Wayne;IN;330305
Indiana;South Bend;IN;290915
Indiana;Evansville;IN;226788
Indiana;Lafayette;IN;166793
Indiana;Elkhart;IN;147679
Indiana;Bloomington;IN;106327
Indiana;Carmel;IN;98137
Indiana;Fishers;IN;97154
Indiana;Terre Haute;IN;93247
Indiana;Muncie;IN;87037
Indiana;Anderson;IN;85700
Indiana;Hammond;IN;77491
Indiana;Gary;IN;69739
Indiana;Noblesville;IN;68885
Indiana;Michigan City;IN;65946
Indiana;Greenwood;IN;62914
Indiana;Kokomo;IN;59263
Indiana;Mishawaka;IN;50823
Indiana;Columbus;IN;50718
Indiana;Jeffersonville;IN;49178
Indiana;Lawrence;IN;49048
Indiana;Westfield;IN;45695
Indiana;West Lafayette;IN;44515
Indiana;Portage;IN;37540
Indiana;New Albany;IN;37350
Indiana;Merrillville;IN;36196
Indiana;Richmond;IN;35854
Indiana;Goshen;IN;34792
Indiana;Plainfield;IN;34311
Indiana;Valparaiso;IN;33820
Indiana;Crown Point;IN;33518
Indiana;Granger;IN;30394
Indiana;Zionsville;IN;30258
Indiana;Hobart;IN;29516
Indiana;Schererville;IN;29381
Indiana;Brownsburg;IN;28420
Indiana;Marion;IN;27757
Indiana;East Chicago;IN;26502
Indiana;Franklin;IN;25112
Indiana;Munster;IN;23717
Indiana;Highland;IN;23695
Indiana;Greenfield;IN;23024
Indiana;Clarksville;IN;22169
Indiana;La Porte;IN;21993
Indiana;Seymour;IN;21192
Indiana;Avon;IN;20848
Indiana;St. John;IN;19805
Indiana;Shelbyville;IN;19710
Indiana;Logansport;IN;18471
Indiana;New Castle;IN;17465
Indiana;Lebanon;IN;17196
Indiana;Huntington;IN;17018
Indiana;Vincennes;IN;16892
Indiana;Dyer;IN;16422
Indiana;Crawfordsville;IN;16279
Indiana;Jasper;IN;16231
Indiana;Griffith;IN;16213
Indiana;Frankfort;IN;16134
Indiana;New Haven;IN;15922
Iowa;Des Moines;IA;514654
Iowa;Davenport;IA;280282
Iowa;Cedar Rapids;IA;192714
Iowa;Iowa City;IA;120015
Iowa;Waterloo;IA;114594
Iowa;Sioux City;IA;111924
Iowa;Dubuque;IA;67916
Iowa;West Des Moines;IA;67640
Iowa;Ankeny;IA;66346
Iowa;Ames;IA;66027
Iowa;Council Bluffs;IA;62617
Iowa;Urbandale;IA;45037
Iowa;Marion;IA;41023
Iowa;Cedar Falls;IA;40500
Iowa;Bettendorf;IA;38631
Iowa;Marshalltown;IA;27570
Iowa;Mason City;IA;27385
Iowa;Ottumwa;IA;25379
Iowa;Fort Dodge;IA;24826
Iowa;Clinton;IA;24651
Iowa;Burlington;IA;24160
Iowa;Muscatine;IA;23759
Iowa;Waukee;IA;23441
Iowa;Johnston;IA;23418
Iowa;Coralville;IA;22226
Iowa;North Liberty;IA;19976
Iowa;Altoona;IA;19345
Iowa;Clive;IA;18323
Iowa;Newton;IA;15688
Iowa;Indianola;IA;15544
Iowa;Grimes;IA;14842
Iowa;Norwalk;IA;12592
Iowa;Boone;IA;12509
Iowa;Oskaloosa;IA;11552
Iowa;Spencer;IA;11292
Iowa;Storm Lake;IA;11166
Iowa;Le Mars;IA;10462
Iowa;Pella;IA;10414
Iowa;Fort Madison;IA;10340
Iowa;Waverly;IA;10278
Iowa;Carroll;IA;10261
Iowa;Pleasant Hill;IA;10203
Iowa;Keokuk;IA;9977
Iowa;Fairfield;IA;9653
Iowa;Grinnell;IA;9481
Iowa;Mount Pleasant;IA;8996
Iowa;Denison;IA;8323
Iowa;Sioux Center;IA;8090
Iowa;Perry;IA;7836
Iowa;Webster City;IA;7825
Iowa;Decorah;IA;7767
Iowa;Clear Lake;IA;7673
Iowa;Creston;IA;7594
Iowa;Knoxville;IA;7537
Iowa;Charles City;IA;7399
Iowa;Washington;IA;7314
Iowa;Hiawatha;IA;7184
Iowa;Bondurant;IA;7163
Iowa;Nevada;IA;7017
Iowa;Atlantic;IA;6795
Kansas;Wichita;KS;491916
Kansas;Overland Park;KS;195249
Kansas;Kansas City;KS;155745
Kansas;Topeka;KS;146473
Kansas;Olathe;KS;140339
Kansas;Lawrence;KS;94745
Kansas;Shawnee;KS;67021
Kansas;Lenexa;KS;56755
Kansas;Manhattan;KS;54794
Kansas;Salina;KS;46896
Kansas;Hutchinson;KS;40202
Kansas;Leavenworth;KS;37216
Kansas;Leawood;KS;33748
Kansas;Garden City;KS;28022
Kansas;Dodge City;KS;27899
Kansas;Derby;KS;25365
Kansas;Emporia;KS;24220
Kansas;Gardner;KS;23065
Kansas;Junction City;KS;23033
Kansas;Prairie Village;KS;22812
Kansas;Hays;KS;20870
Kansas;Pittsburg;KS;20667
Kansas;Liberal;KS;19340
Kansas;Newton;KS;18576
Kansas;Andover;KS;15162
Kansas;Great Bend;KS;14864
Kansas;McPherson;KS;13916
Kansas;El Dorado;KS;12855
Kansas;Ottawa;KS;12592
Kansas;Arkansas City;KS;12028
Kansas;Winfield;KS;11817
Kansas;Lansing;KS;11321
Kansas;Merriam;KS;11110
Kansas;Haysville;KS;10887
Kansas;Atchison;KS;10773
Kansas;Mission;KS;9884
Kansas;Parsons;KS;9652
Kansas;Augusta;KS;9299
Kansas;Coffeyville;KS;9032
Kansas;Chanute;KS;8737
Kansas;Independence;KS;8584
Kansas;Valley Center;KS;8365
Kansas;Fort Riley;KS;8006
Kansas;Spring Hill;KS;7883
Kansas;Bonner Springs;KS;7858
Kansas;Park City;KS;7817
Kansas;Wellington;KS;7745
Kansas;Fort Scott;KS;7579
Kansas;Roeland Park;KS;6871
Kansas;Basehor;KS;6717
Kansas;Pratt;KS;6618
Kansas;Abilene;KS;6507
Kansas;Eudora;KS;6457
Kansas;De Soto;KS;6160
Kansas;Ulysses;KS;5812
Kansas;Paola;KS;5733
Kansas;Mulvane;KS;5676
Kansas;Maize;KS;5469
Kansas;Colby;KS;5434
Kansas;Tonganoxie;KS;5383
Kentucky;Louisville;KY;1022630
Kentucky;Lexington;KY;321354
Kentucky;Bowling Green;KY;98537
Kentucky;Elizabethtown;KY;78446
Kentucky;Owensboro;KY;73115
Kentucky;Covington;KY;40930
Kentucky;Georgetown;KY;36281
Kentucky;Richmond;KY;34662
Kentucky;Florence;KY;31699
Kentucky;Nicholasville;KY;31066
Kentucky;Hopkinsville;KY;30771
Kentucky;Jeffersontown;KY;28800
Kentucky;Frankfort;KY;28479
Kentucky;Independence;KY;28256
Kentucky;Henderson;KY;28201
Kentucky;Paducah;KY;26248
Kentucky;Radcliff;KY;22839
Kentucky;Ashland;KY;21695
Kentucky;Madisonville;KY;19533
Kentucky;Erlanger;KY;19506
Kentucky;Winchester;KY;18993
Kentucky;Burlington;KY;18394
Kentucky;Mount Washington;KY;17723
Kentucky;St. Matthews;KY;17588
Kentucky;Fort Thomas;KY;17241
Kentucky;Murray;KY;17241
Kentucky;Danville;KY;17164
Kentucky;Shelbyville;KY;16932
Kentucky;Shively;KY;15638
Kentucky;Berea;KY;15465
Kentucky;Glasgow;KY;14922
Kentucky;Newport;KY;14378
Kentucky;Shepherdsville;KY;13918
Kentucky;Bardstown;KY;13425
Kentucky;Fort Campbell North;KY;13323
Kentucky;Somerset;KY;11696
Kentucky;Lawrenceburg;KY;11675
Kentucky;Campbellsville;KY;11345
Kentucky;Lyndon;KY;11033
Kentucky;Paris;KY;10202
Kentucky;Versailles;KY;10196
Kentucky;Alexandria;KY;10125
Kentucky;Francisville;KY;10088
Kentucky;Mayfield;KY;10041
Kentucky;La Grange;KY;9901
Kentucky;Franklin;KY;9885
Kentucky;Oakbrook;KY;9883
Kentucky;Middlesborough;KY;9493
Kentucky;Middletown;KY;9473
Kentucky;Elsmere;KY;9080
Kentucky;Harrodsburg;KY;8952
Kentucky;Fort Knox;KY;8888
Kentucky;Maysville;KY;8851
Kentucky;Hillview;KY;8638
Kentucky;Fort Mitchell;KY;8618
Kentucky;Edgewood;KY;8427
Kentucky;Corbin;KY;8397
Kentucky;Oak Grove;KY;7699
Kentucky;Mount Sterling;KY;7517
Kentucky;London;KY;7492
Louisiana;New Orleans;LA;925443
Louisiana;Baton Rouge;LA;610751
Louisiana;Shreveport;LA;286200
Louisiana;Lafayette;LA;254286
Louisiana;Lake Charles;LA;150036
Louisiana;Houma;LA;146665
Louisiana;Metairie;LA;140590
Louisiana;Monroe;LA;117197
Louisiana;Mandeville;LA;105097
Louisiana;Slidell;LA;94498
Louisiana;Alexandria;LA;75835
Louisiana;Hammond;LA;75688
Louisiana;Kenner;LA;66411
Louisiana;Bossier City;LA;63168
Louisiana;Prairieville;LA;34118
Louisiana;Marrero;LA;31928
Louisiana;Central;LA;29746
Louisiana;Laplace;LA;29129
Louisiana;New Iberia;LA;28844
Louisiana;Terrytown;LA;25388
Louisiana;Ruston;LA;22286
Louisiana;Chalmette;LA;21981
Louisiana;Bayou Cane;LA;21699
Louisiana;Sulphur;LA;21490
Louisiana;Harvey;LA;20942
Louisiana;Shenandoah;LA;20068
Louisiana;Zachary;LA;19278
Louisiana;Natchitoches;LA;18105
Louisiana;Gretna;LA;17836
Louisiana;Estelle;LA;17650
Louisiana;Opelousas;LA;15884
Louisiana;Thibodaux;LA;15242
Louisiana;Youngsville;LA;15167
Louisiana;Pineville;LA;14653
Louisiana;Luling;LA;14115
Louisiana;River Ridge;LA;13435
Louisiana;Claiborne;LA;13147
Louisiana;West Monroe;LA;13103
Louisiana;Broussard;LA;12960
Louisiana;Baker;LA;12736
Louisiana;Minden;LA;12145
Louisiana;Gonzales;LA;12080
Louisiana;Crowley;LA;11916
Louisiana;Destrehan;LA;11827
Louisiana;Morgan City;LA;11525
Louisiana;Moss Bluff;LA;11453
Louisiana;Woodmere;LA;11343
Louisiana;Abbeville;LA;11313
Louisiana;Bayou Blue;LA;11229
Louisiana;Waggaman;LA;11161
Louisiana;Covington;LA;11155
Louisiana;Raceland;LA;11002
Louisiana;Gardere;LA;10971
Louisiana;Bogalusa;LA;10921
Louisiana;Timberlane;LA;10697
Louisiana;Jefferson;LA;10500
Louisiana;Belle Chasse;LA;10406
Louisiana;DeRidder;LA;10060
Louisiana;Bastrop;LA;9879
Louisiana;Jennings;LA;9836
Maine;Portland;ME;220807
Maine;Lewiston;ME;36615
Maine;Bangor;ME;31920
Maine;South Portland;ME;26428
Maine;Auburn;ME;23790
Maine;Biddeford;ME;22331
Maine;Sanford;ME;21812
Maine;Saco;ME;20203
Maine;Westbrook;ME;20074
Maine;Augusta;ME;18895
Maine;Waterville;ME;15872
Maine;Brewer;ME;9606
Maine;Presque Isle;ME;8859
Maine;Bath;ME;8718
Maine;Ellsworth;ME;8340
Maine;Caribou;ME;7448
Maine;Old Town;ME;7415
Maine;Rockland;ME;6977
Maine;Belfast;ME;6890
Maine;Gardiner;ME;5944
Maine;North Windham;ME;5395
Maine;Lisbon Falls;ME;4213
Maine;York Harbor;ME;3819
Maine;South Berwick;ME;3596
Maine;Lisbon;ME;3456
Maine;South Eliot;ME;3342
Maine;Calais;ME;3010
Maine;Lake Arrowhead;ME;3007
Maine;Cumberland Center;ME;2956
Maine;Hallowell;ME;2542
Maine;Cape Neddick;ME;2485
Maine;South Paris;ME;2169
Maine;Dunstan;ME;1852
Maine;Falmouth Foreside;ME;1811
Maine;Veazie;ME;1771
Maine;Steep Falls;ME;1677
Maine;Eastport;ME;1226
Maine;West Kennebunk;ME;1119
Maine;Cornish;ME;1117
Maine;Kittery Point;ME;1017
Maine;Chisholm;ME;1007
Maine;South Windham;ME;990
Maine;Bradley;ME;863
Maine;Greene;ME;805
Maine;Kezar Falls;ME;759
Maine;Sabattus;ME;674
Maine;Jonesport;ME;659
Maine;Turner;ME;654
Maine;Corinna;ME;627
Maine;Rangeley;ME;617
Maine;Bethel;ME;590
Maine;Kingfield;ME;573
Maine;Mattawamkeag;ME;507
Maine;Brownville Junction;ME;506
Maine;Little Falls;ME;501
Maine;Danforth;ME;471
Maine;North Anson;ME;458
Maine;Oakfield;ME;457
Maine;Milbridge;ME;439
Maine;Cousins Island;ME;433
Maryland;Baltimore;MD;2205092
Maryland;Bel Air South;MD;222834
Maryland;Hagerstown;MD;194602
Maryland;Frederick;MD;175032
Maryland;Waldorf;MD;119442
Maryland;Salisbury;MD;108982
Maryland;Columbia;MD;105086
Maryland;Germantown;MD;90235
Maryland;Silver Spring;MD;82472
Maryland;Ellicott City;MD;74432
Maryland;Eldersburg;MD;70639
Maryland;Glen Burnie;MD;69739
Maryland;Gaithersburg;MD;68827
Maryland;Rockville;MD;67095
Maryland;Dundalk;MD;66426
Maryland;Bethesda;MD;66294
Maryland;Towson;MD;59014
Maryland;Bowie;MD;58113
Maryland;Severn;MD;53955
Maryland;Aspen Hill;MD;53850
Maryland;Wheaton;MD;51836
Maryland;North Bethesda;MD;50695
Maryland;Potomac;MD;46891
Maryland;Odenton;MD;43488
Maryland;Catonsville;MD;42789
Maryland;Woodlawn;MD;42053
Maryland;Essex;MD;40710
Maryland;Annapolis;MD;40581
Maryland;Clinton;MD;39925
Maryland;Severna Park;MD;39108
Maryland;Chillum;MD;36428
Maryland;Olney;MD;35815
Maryland;Randallstown;MD;35641
Maryland;Owings Mills;MD;35170
Maryland;College Park;MD;34961
Maryland;Montgomery Village;MD;34489
Maryland;Pikesville;MD;33549
Maryland;Pasadena;MD;31583
Maryland;Bel Air North;MD;30969
Maryland;Parkville;MD;30783
Maryland;Milford Mill;MD;30685
Maryland;Middle River;MD;30606
Maryland;Carney;MD;29873
Maryland;Crofton;MD;29812
Maryland;Laurel;MD;29438
Maryland;Perry Hall;MD;29165
Maryland;South Laurel;MD;27998
Maryland;Reisterstown;MD;27917
Maryland;Ilchester;MD;27513
Maryland;Clarksburg;MD;27354
Maryland;Lochearn;MD;26995
Maryland;Suitland;MD;26375
Maryland;Fort Washington;MD;25840
Maryland;Fairland;MD;25324
Maryland;Arnold;MD;25056
Maryland;Edgewood;MD;25004
Maryland;Greenbelt;MD;24602
Maryland;Landover;MD;24508
Maryland;North Potomac;MD;24449
Maryland;North Laurel;MD;24233
Massachusetts;Boston;MA;4208580
Massachusetts;Springfield;MA;620494
Massachusetts;Worcester;MA;573573
Massachusetts;New Bedford;MA;158353
Massachusetts;Leominster;MA;118190
Massachusetts;Cambridge;MA;116892
Massachusetts;Lowell;MA;114804
Massachusetts;Brockton;MA;104216
Massachusetts;Quincy;MA;100544
Massachusetts;Lynn;MA;100233
Massachusetts;Fall River;MA;93339
Massachusetts;Newton;MA;88647
Massachusetts;Lawrence;MA;87798
Massachusetts;Somerville;MA;80608
Massachusetts;Framingham;MA;72089
Massachusetts;Haverhill;MA;67093
Massachusetts;Malden;MA;65602
Massachusetts;Waltham;MA;64655
Massachusetts;Revere;MA;60720
Massachusetts;Medford;MA;60708
Massachusetts;Taunton;MA;59076
Massachusetts;Chicopee;MA;55636
Massachusetts;Peabody;MA;54200
Massachusetts;Methuen Town;MA;52536
Massachusetts;Everett;MA;48368
Massachusetts;Attleboro;MA;46146
Massachusetts;Salem;MA;44452
Massachusetts;Pittsfield;MA;43890
Massachusetts;Beverly;MA;42448
Massachusetts;Fitchburg;MA;41796
Massachusetts;Marlborough;MA;41505
Massachusetts;Woburn;MA;40967
Massachusetts;Westfield;MA;40922
Massachusetts;Chelsea;MA;40025
Massachusetts;Holyoke;MA;38480
Massachusetts;Watertown Town;MA;35171
Massachusetts;Gloucester;MA;29814
Massachusetts;Melrose;MA;29567
Massachusetts;Northampton;MA;29379
Massachusetts;Gardner;MA;21183
Massachusetts;Newburyport;MA;18282
Massachusetts;North Adams;MA;13024
Massachusetts;South Yarmouth;MA;11696
Massachusetts;Middleborough Center;MA;7790
Massachusetts;Mansfield Center;MA;7689
Massachusetts;Whitinsville;MA;7329
Massachusetts;West Concord;MA;7003
Massachusetts;Cochituate;MA;6966
Massachusetts;East Falmouth;MA;6739
Massachusetts;Pinehurst;MA;6653
Massachusetts;West Yarmouth;MA;6124
Massachusetts;Yarmouth Port;MA;5872
Massachusetts;Bliss Corner;MA;5529
Massachusetts;North Scituate;MA;5519
Massachusetts;East Harwich;MA;5519
Massachusetts;Raynham Center;MA;5072
Massachusetts;Smith Mills;MA;4846
Massachusetts;North Westport;MA;4835
Massachusetts;The Pinehills;MA;4724
Massachusetts;Millis-Clicquot;MA;4653
Michigan;Detroit;MI;3522856
Michigan;Grand Rapids;MI;604311
Michigan;Ann Arbor;MI;327814
Michigan;Lansing;MI;312829
Michigan;Flint;MI;286324
Michigan;Kalamazoo;MI;212033
Michigan;Muskegon;MI;164136
Michigan;Warren;MI;138996
Michigan;Sterling Heights;MI;134062
Michigan;South Lyon;MI;128071
Michigan;Saginaw;MI;118845
Michigan;Dearborn;MI;107985
Michigan;Holland;MI;100202
Michigan;Livonia;MI;95294
Michigan;Jackson;MI;87230
Michigan;Troy;MI;86912
Michigan;Port Huron;MI;86440
Michigan;Westland;MI;84961
Michigan;Farmington Hills;MI;83749
Michigan;Wyoming;MI;76625
Michigan;Southfield;MI;76196
Michigan;Rochester Hills;MI;75990
Michigan;Battle Creek;MI;75608
Michigan;Bay City;MI;67917
Michigan;Novi;MI;65369
Michigan;Taylor;MI;63071
Michigan;Dearborn Heights;MI;62334
Michigan;Pontiac;MI;61498
Michigan;St. Clair Shores;MI;59046
Michigan;Royal Oak;MI;58368
Michigan;Kentwood;MI;53884
Michigan;Portage;MI;48767
Michigan;Roseville;MI;47692
Michigan;East Lansing;MI;47427
Michigan;Midland;MI;42425
Michigan;Lincoln Park;MI;39741
Michigan;Eastpointe;MI;34148
Michigan;Southgate;MI;29990
Michigan;Oak Park;MI;29677
Michigan;Burton;MI;29532
Michigan;Madison Heights;MI;28719
Michigan;Allen Park;MI;28431
Michigan;Forest Hills;MI;28327
Michigan;Hamtramck;MI;27548
Michigan;Garden City;MI;27268
Michigan;Inkster;MI;25849
Michigan;Holt;MI;25755
Michigan;Okemos;MI;25179
Michigan;Walker;MI;25149
Michigan;Norton Shores;MI;25040
Michigan;Wyandotte;MI;24992
Michigan;Romulus;MI;24977
Michigan;Auburn Hills;MI;24202
Michigan;Allendale;MI;23999
Michigan;Waverly;MI;23328
Michigan;Mount Pleasant;MI;21880
Michigan;Birmingham;MI;21728
Michigan;Adrian;MI;20674
Michigan;Marquette;MI;20561
Michigan;Ypsilanti;MI;20448
Minnesota;Minneapolis;MN;2856952
Minnesota;St. Paul;MN;309751
Minnesota;St. Cloud;MN;123569
Minnesota;Rochester;MN;119732
Minnesota;Duluth;MN;118975
Minnesota;Bloomington;MN;89436
Minnesota;Brooklyn Park;MN;85247
Minnesota;Plymouth;MN;80034
Minnesota;Woodbury;MN;74014
Minnesota;Maple Grove;MN;69900
Minnesota;Lakeville;MN;69026
Minnesota;Blaine;MN;68999
Minnesota;Eagan;MN;68205
Minnesota;Eden Prairie;MN;64048
Minnesota;Burnsville;MN;63926
Minnesota;Coon Rapids;MN;63269
Minnesota;Apple Valley;MN;55237
Minnesota;Minnetonka;MN;53809
Minnesota;Edina;MN;53059
Minnesota;St. Louis Park;MN;49539
Minnesota;Moorhead;MN;44129
Minnesota;Mankato;MN;43938
Minnesota;Shakopee;MN;43396
Minnesota;Maplewood;MN;41673
Minnesota;Cottage Grove;MN;38582
Minnesota;Richfield;MN;36899
Minnesota;Roseville;MN;36119
Minnesota;Inver Grove Heights;MN;35539
Minnesota;Brooklyn Center;MN;33298
Minnesota;Andover;MN;32471
Minnesota;Savage;MN;32092
Minnesota;Fridley;MN;29422
Minnesota;Oakdale;MN;28019
Minnesota;Chaska;MN;27461
Minnesota;Ramsey;MN;27409
Minnesota;Prior Lake;MN;27242
Minnesota;Shoreview;MN;26871
Minnesota;Owatonna;MN;26366
Minnesota;Winona;MN;26199
Minnesota;Austin;MN;26030
Minnesota;Chanhassen;MN;25646
Minnesota;Rosemount;MN;25513
Minnesota;Elk River;MN;25467
Minnesota;White Bear Lake;MN;24520
Minnesota;Faribault;MN;24310
Minnesota;Champlin;MN;23877
Minnesota;New Brighton;MN;23293
Minnesota;Farmington;MN;23253
Minnesota;Crystal;MN;23143
Minnesota;Golden Valley;MN;22247
Minnesota;Hastings;MN;22063
Minnesota;New Hope;MN;21683
Minnesota;Columbia Heights;MN;21612
Minnesota;Lino Lakes;MN;21180
Minnesota;Willmar;MN;20823
Minnesota;South St. Paul;MN;20637
Minnesota;West St. Paul;MN;20476
Minnesota;Northfield;MN;20374
Minnesota;Forest Lake;MN;20366
Minnesota;Otsego;MN;19565
Mississippi;Jackson;MS;326977
Mississippi;Gulfport;MS;231423
Mississippi;Hattiesburg;MS;85086
Mississippi;Southaven;MS;54141
Mississippi;Biloxi;MS;49061
Mississippi;Olive Branch;MS;39136
Mississippi;Tupelo;MS;37872
Mississippi;Meridian;MS;35625
Mississippi;Greenville;MS;30175
Mississippi;Clinton;MS;27830
Mississippi;Madison;MS;27459
Mississippi;Pearl;MS;27017
Mississippi;Horn Lake;MS;26623
Mississippi;Oxford;MS;25859
Mississippi;Brandon;MS;24887
Mississippi;Starkville;MS;24578
Mississippi;Ridgeland;MS;24330
Mississippi;Columbus;MS;23858
Mississippi;Pascagoula;MS;22001
Mississippi;Vicksburg;MS;21748
Mississippi;Gautier;MS;18932
Mississippi;Ocean Springs;MS;18275
Mississippi;Laurel;MS;17375
Mississippi;Hernando;MS;16730
Mississippi;Long Beach;MS;16654
Mississippi;Clarksdale;MS;15124
Mississippi;Corinth;MS;14545
Mississippi;Greenwood;MS;14521
Mississippi;Natchez;MS;14435
Mississippi;D'Iberville;MS;12736
Mississippi;Grenada;MS;12675
Mississippi;Byram;MS;12591
Mississippi;McComb;MS;12400
Mississippi;Moss Point;MS;12282
Mississippi;Brookhaven;MS;11855
Mississippi;Picayune;MS;11777
Mississippi;Petal;MS;11342
Mississippi;Cleveland;MS;11285
Mississippi;Canton;MS;10955
Mississippi;Yazoo City;MS;10887
Mississippi;West Point;MS;10148
Mississippi;Flowood;MS;10019
Mississippi;Indianola;MS;9679
Mississippi;Bay St. Louis;MS;9568
Mississippi;Diamondhead;MS;9417
Mississippi;Gulf Hills;MS;8825
Mississippi;Booneville;MS;8702
Mississippi;Senatobia;MS;8075
Mississippi;St. Martin;MS;7984
Mississippi;New Albany;MS;7657
Mississippi;Batesville;MS;7404
Mississippi;Kosciusko;MS;7128
Mississippi;Richland;MS;7126
Mississippi;Philadelphia;MS;7107
Mississippi;Waveland;MS;7063
Mississippi;Holly Springs;MS;6743
Mississippi;Amory;MS;6665
Mississippi;West Hattiesburg;MS;6447
Mississippi;Gulf Park Estates;MS;6284
Mississippi;Louisville;MS;6108
Missouri;St. Louis;MO;2092481
Missouri;Kansas City;MO;1644497
Missouri;Springfield;MO;298722
Missouri;Columbia;MO;136736
Missouri;Independence;MO;122230
Missouri;Lee's Summit;MO;100772
Missouri;O'Fallon;MO;90802
Missouri;Joplin;MO;81025
Missouri;St. Joseph;MO;80099
Missouri;St. Charles;MO;70218
Missouri;Blue Springs;MO;58265
Missouri;St. Peters;MO;57289
Missouri;Florissant;MO;52382
Missouri;Chesterfield;MO;49675
Missouri;Wentzville;MO;43213
Missouri;Jefferson City;MO;43076
Missouri;Cape Girardeau;MO;39415
Missouri;Wildwood;MO;35384
Missouri;Oakville;MO;35357
Missouri;University City;MO;34953
Missouri;Ballwin;MO;30998
Missouri;Liberty;MO;30129
Missouri;Raytown;MO;29893
Missouri;Kirkwood;MO;29233
Missouri;Mehlville;MO;28672
Missouri;Maryland Heights;MO;28141
Missouri;Gladstone;MO;26825
Missouri;Grandview;MO;25931
Missouri;Hazelwood;MO;25466
Missouri;Belton;MO;23832
Missouri;Webster Groves;MO;23817
Missouri;Nixa;MO;22925
Missouri;Raymore;MO;22722
Missouri;Sedalia;MO;21696
Missouri;Ozark;MO;20874
Missouri;Arnold;MO;20808
Missouri;Old Jamestown;MO;20382
Missouri;Rolla;MO;19949
Missouri;Warrensburg;MO;19509
Missouri;Affton;MO;18925
Missouri;Ferguson;MO;18826
Missouri;Concord;MO;18760
Missouri;Creve Coeur;MO;18648
Missouri;Republic;MO;18313
Missouri;Manchester;MO;18308
Missouri;Farmington;MO;17959
Missouri;Spanish Lake;MO;17721
Missouri;Kirksville;MO;17600
Missouri;Hannibal;MO;17165
Missouri;Clayton;MO;16905
Missouri;Lake St. Louis;MO;16665
Missouri;Poplar Bluff;MO;16318
Missouri;Lemay;MO;16312
Missouri;Sikeston;MO;16054
Missouri;Overland;MO;15908
Missouri;Fort Leonard Wood;MO;15629
Missouri;Grain Valley;MO;15435
Missouri;Carthage;MO;15395
Missouri;Jackson;MO;15272
Missouri;Lebanon;MO;14880
Montana;Billings;MT;124973
Montana;Missoula;MT;92863
Montana;Great Falls;MT;62112
Montana;Bozeman;MT;51574
Montana;Butte;MT;34368
Montana;Helena;MT;32060
Montana;Kalispell;MT;24260
Montana;Belgrade;MT;10555
Montana;Havre;MT;9417
Montana;Anaconda;MT;9380
Montana;Helena Valley Southeast;MT;9316
Montana;Helena Valley West Central;MT;8550
Montana;Miles City;MT;8441
Montana;Livingston;MT;8110
Montana;Evergreen;MT;7988
Montana;Whitefish;MT;7783
Montana;Laurel;MT;7164
Montana;Lockwood;MT;7162
Montana;Sidney;MT;6240
Montana;Lewistown;MT;5967
Montana;Four Corners;MT;5649
Montana;Columbia Falls;MT;5304
Montana;Orchard Homes;MT;5170
Montana;Polson;MT;5161
Montana;Glendive;MT;4928
Montana;Bigfork;MT;4683
Montana;Helena Valley Northwest;MT;4653
Montana;Hamilton;MT;4632
Montana;Lolo;MT;4338
Montana;Malmstrom AFB;MT;4098
Montana;Dillon;MT;3930
Montana;Hardin;MT;3754
Montana;Helena Valley Northeast;MT;3607
Montana;North Browning;MT;3253
Montana;Glasgow;MT;3192
Montana;Big Sky;MT;3141
Montana;Shelby;MT;3139
Montana;Cut Bank;MT;3049
Montana;Deer Lodge;MT;2938
Montana;Conrad;MT;2758
Montana;Libby;MT;2745
Montana;Montana City;MT;2735
Montana;Wolf Point;MT;2638
Montana;Lakeside;MT;2463
Montana;Lame Deer;MT;2231
Montana;Townsend;MT;2224
Montana;East Missoula;MT;2162
Montana;Colstrip;MT;2094
Montana;Three Forks;MT;2084
Montana;Columbus;MT;2069
Montana;Pablo;MT;2037
Montana;Red Lodge;MT;2032
Montana;Malta;MT;2031
Montana;Crow Agency;MT;1993
Montana;Stevensville;MT;1959
Montana;King Arthur Park;MT;1951
Montana;Clancy;MT;1902
Montana;Manhattan;MT;1884
Montana;West Glendive;MT;1868
Montana;Choteau;MT;1826
Nebraska;Omaha;NE;806485
Nebraska;Lincoln;NE;289136
Nebraska;Bellevue;NE;62888
Nebraska;Grand Island;NE;52755
Nebraska;Kearney;NE;33558
Nebraska;Fremont;NE;27245
Nebraska;Hastings;NE;25247
Nebraska;Norfolk;NE;24964
Nebraska;Columbus;NE;23954
Nebraska;Papillion;NE;23875
Nebraska;North Platte;NE;23543
Nebraska;La Vista;NE;16786
Nebraska;Scottsbluff;NE;14511
Nebraska;South Sioux City;NE;13796
Nebraska;Beatrice;NE;12276
Nebraska;Chalco;NE;10688
Nebraska;Lexington;NE;10325
Nebraska;Gering;NE;8521
Nebraska;Alliance;NE;8141
Nebraska;York;NE;8091
Nebraska;Blair;NE;7725
Nebraska;Seward;NE;7651
Nebraska;McCook;NE;7425
Nebraska;Crete;NE;7224
Nebraska;Nebraska City;NE;7206
Nebraska;Plattsmouth;NE;6558
Nebraska;Schuyler;NE;6526
Nebraska;Sidney;NE;6473
Nebraska;Ralston;NE;6453
Nebraska;Wayne;NE;5847
Nebraska;Holdrege;NE;5485
Nebraska;Chadron;NE;5376
Nebraska;Offutt AFB;NE;5375
Nebraska;Gretna;NE;5106
Nebraska;Ogallala;NE;4831
Nebraska;Wahoo;NE;4754
Nebraska;Aurora;NE;4642
Nebraska;Waverly;NE;4208
Nebraska;Falls City;NE;4130
Nebraska;Cozad;NE;3960
Nebraska;Fairbury;NE;3916
Nebraska;O'Neill;NE;3590
Nebraska;Broken Bow;NE;3522
Nebraska;West Point;NE;3481
Nebraska;Gothenburg;NE;3476
Nebraska;Auburn;NE;3443
Nebraska;Ashland;NE;3099
Nebraska;Central City;NE;3025
Nebraska;Minden;NE;2992
Nebraska;Valley;NE;2982
Nebraska;David City;NE;2981
Nebraska;Dakota City;NE;2822
Nebraska;Valentine;NE;2634
Nebraska;Hickman;NE;2552
Nebraska;Milford;NE;2547
Nebraska;St. Paul;NE;2497
Nebraska;Kimball;NE;2323
Nebraska;Bennington;NE;2257
Nebraska;Imperial;NE;2157
Nebraska;Geneva;NE;2062
Nevada;Las Vegas;NV;2150373
Nevada;Reno;NV;463328
Nevada;Henderson;NV;311250
Nevada;North Las Vegas;NV;259638
Nevada;Enterprise;NV;219566
Nevada;Spring Valley;NV;217441
Nevada;Sunrise Manor;NV;196411
Nevada;Paradise;NV;189852
Nevada;Sparks;NV;106900
Nevada;Carson City;NV;57957
Nevada;Whitney;NV;45105
Nevada;Pahrump;NV;42471
Nevada;Winchester;NV;36307
Nevada;Summerlin South;NV;28861
Nevada;Sun Valley;NV;22622
Nevada;Fernley;NV;22343
Nevada;Elko;NV;20391
Nevada;Mesquite;NV;20019
Nevada;Spanish Springs;NV;16131
Nevada;Spring Creek;NV;15176
Nevada;Dayton;NV;15036
Nevada;Boulder City;NV;14868
Nevada;Gardnerville Ranchos;NV;11761
Nevada;Cold Springs;NV;10920
Nevada;Incline Village;NV;9440
Nevada;Fallon;NV;9068
Nevada;Winnemucca;NV;8325
Nevada;Laughlin;NV;8174
Nevada;Moapa Valley;NV;7436
Nevada;Johnson Lane;NV;6277
Nevada;Gardnerville;NV;6037
Nevada;Indian Hills;NV;5955
Nevada;Lemmon Valley;NV;5100
Nevada;Silver Springs;NV;4684
Nevada;West Wendover;NV;4517
Nevada;Battle Mountain;NV;4122
Nevada;Ely;NV;3983
Nevada;Nellis AFB;NV;3626
Nevada;Minden;NV;3335
Nevada;Yerington;NV;3093
Nevada;Washoe Valley;NV;2800
Nevada;Hawthorne;NV;2786
Nevada;Stagecoach;NV;2313
Nevada;Carlin;NV;2279
Nevada;Kingsbury;NV;1981
Nevada;Tonopah;NV;1895
Nevada;Lovelock;NV;1747
Nevada;Sandy Valley;NV;1723
Nevada;Topaz Ranch Estates;NV;1654
Nevada;Ruhenstroth;NV;1511
Nevada;Amargosa Valley;NV;1455
Nevada;Smith Valley;NV;1454
Nevada;East Valley;NV;1450
Nevada;Mogul;NV;1421
Nevada;Pioche;NV;1158
Nevada;Alamo;NV;1154
Nevada;Jackpot;NV;1130
Nevada;Wells;NV;1105
Nevada;Verdi;NV;1094
Nevada;Panaca;NV;1038
New Hampshire;Nashua;NH;235982
New Hampshire;Manchester;NH;167568
New Hampshire;Portsmouth;NH;97455
New Hampshire;Dover;NH;89874
New Hampshire;Concord;NH;43552
New Hampshire;Rochester;NH;32317
New Hampshire;Keene;NH;22969
New Hampshire;Laconia;NH;16786
New Hampshire;Lebanon;NH;14316
New Hampshire;Claremont;NH;12955
New Hampshire;Somersworth;NH;11964
New Hampshire;Berlin;NH;9710
New Hampshire;Franklin;NH;8766
New Hampshire;South Hooksett;NH;5906
New Hampshire;Suncook;NH;5008
New Hampshire;Pinardville;NH;4849
New Hampshire;East Merrimack;NH;4609
New Hampshire;Tilton Northfield;NH;2868
New Hampshire;Hampton Beach;NH;2480
New Hampshire;North Conway;NH;2393
New Hampshire;Woodsville;NH;1418
New Hampshire;West Swanzey;NH;1339
New Hampshire;Contoocook;NH;1218
New Hampshire;North Haverhill;NH;1097
New Hampshire;Klondike Corner;NH;987
New Hampshire;Groveton;NH;892
New Hampshire;Seabrook Beach;NH;863
New Hampshire;Sanbornville;NH;760
New Hampshire;Center Ossipee;NH;604
New Hampshire;North Woodstock;NH;580
New Hampshire;Mountain Lakes;NH;563
New Hampshire;North Walpole;NH;555
New Hampshire;West Stewartstown;NH;437
New Hampshire;Suissevale;NH;397
New Hampshire;Union;NH;366
New Hampshire;New Boston;NH;241
New Hampshire;Milton Mills;NH;192
New Hampshire;Center Sandwich;NH;128
New Hampshire;Francestown;NH;120
New Hampshire;Blodgett Landing;NH;99
New Hampshire;Melvin Village;NH;69
New Jersey;Trenton;NJ;316436
New Jersey;Newark;NJ;306247
New Jersey;Jersey City;NJ;287146
New Jersey;Atlantic City;NJ;236314
New Jersey;Paterson;NJ;157927
New Jersey;Elizabeth;NJ;135772
New Jersey;Vineland;NJ;92364
New Jersey;Clifton;NJ;89460
New Jersey;Camden;NJ;72381
New Jersey;Bayonne;NJ;70553
New Jersey;Passaic;NJ;70308
New Jersey;East Orange;NJ;68918
New Jersey;Union City;NJ;67903
New Jersey;Twin Rivers;NJ;64012
New Jersey;Hoboken;NJ;59369
New Jersey;New Brunswick;NJ;55671
New Jersey;Perth Amboy;NJ;55046
New Jersey;Plainfield;NJ;54183
New Jersey;West New York;NJ;52485
New Jersey;Sicklerville;NJ;46626
New Jersey;Hackensack;NJ;45723
New Jersey;Sayreville;NJ;45062
New Jersey;Linden;NJ;43387
New Jersey;Kearny;NJ;41790
New Jersey;Fort Lee;NJ;39701
New Jersey;Fair Lawn;NJ;34820
New Jersey;Garfield;NJ;32481
New Jersey;Long Branch;NJ;31734
New Jersey;Westfield;NJ;30950
New Jersey;Princeton;NJ;30717
New Jersey;Rahway;NJ;29582
New Jersey;Englewood;NJ;29129
New Jersey;Bergenfield;NJ;28282
New Jersey;Millville;NJ;27946
New Jersey;Paramus;NJ;26650
New Jersey;Ridgewood;NJ;25991
New Jersey;Lodi;NJ;25983
New Jersey;Cliffside Park;NJ;25515
New Jersey;Carteret;NJ;25077
New Jersey;Somerset;NJ;24827
New Jersey;South Plainfield;NJ;24251
New Jersey;North Plainfield;NJ;22635
New Jersey;Summit;NJ;22598
New Jersey;Roselle;NJ;22511
New Jersey;Hillsborough;NJ;22273
New Jersey;Parsippany;NJ;21931
New Jersey;Secaucus;NJ;21439
New Jersey;Elmwood Park;NJ;21239
New Jersey;Lindenwold;NJ;21048
New Jersey;Pleasantville;NJ;20505
New Jersey;Palisades Park;NJ;20291
New Jersey;Glassboro;NJ;20284
New Jersey;Morristown;NJ;20003
New Jersey;Hawthorne;NJ;19507
New Jersey;Preakness;NJ;19083
New Jersey;Tinton Falls;NJ;19053
New Jersey;Point Pleasant;NJ;18839
New Jersey;Harrison;NJ;18824
New Jersey;Rutherford;NJ;18781
New Jersey;Colonia;NJ;18776
New Mexico;Albuquerque;NM;765693
New Mexico;Las Cruces;NM;141399
New Mexico;Rio Rancho;NM;102403
New Mexico;Santa Fe;NM;99439
New Mexico;Roswell;NM;48347
New Mexico;Farmington;NM;46696
New Mexico;Hobbs;NM;39476
New Mexico;Clovis;NM;38505
New Mexico;South Valley;NM;36583
New Mexico;Carlsbad;NM;31525
New Mexico;Alamogordo;NM;31201
New Mexico;Gallup;NM;21901
New Mexico;Los Lunas;NM;17072
New Mexico;Sunland Park;NM;16488
New Mexico;Deming;NM;14730
New Mexico;Chaparral;NM;14098
New Mexico;Los Alamos;NM;13270
New Mexico;Las Vegas;NM;13247
New Mexico;Artesia;NM;12637
New Mexico;North Valley;NM;12594
New Mexico;Portales;NM;12151
New Mexico;Lovington;NM;11505
New Mexico;Espa√±ola;NM;10492
New Mexico;Silver City;NM;9694
New Mexico;Grants;NM;9208
New Mexico;Bernalillo;NM;9049
New Mexico;Anthony;NM;8748
New Mexico;Socorro;NM;8553
New Mexico;Corrales;NM;8488
New Mexico;Shiprock;NM;8452
New Mexico;Ruidoso;NM;7636
New Mexico;Bloomfield;NM;7514
New Mexico;Belen;NM;7374
New Mexico;Zuni Pueblo;NM;7012
New Mexico;Taos;NM;6524
New Mexico;Aztec;NM;6283
New Mexico;North Hobbs;NM;6148
New Mexico;Edgewood;NM;6106
New Mexico;Raton;NM;6082
New Mexico;Truth or Consequences;NM;6078
New Mexico;Santa Teresa;NM;6037
New Mexico;Los Ranchos de Albuquerque;NM;5904
New Mexico;White Rock;NM;5716
New Mexico;Eldorado at Santa Fe;NM;5419
New Mexico;Tucumcari;NM;5221
New Mexico;El Cerro Mission;NM;5103
New Mexico;Crouch Mesa;NM;4997
New Mexico;Los Chaves;NM;4938
New Mexico;Rio Communities;NM;4904
New Mexico;Lee Acres;NM;4851
New Mexico;Paradise Hills;NM;4442
New Mexico;Meadow Lake;NM;4248
New Mexico;Kirtland AFB;NM;4142
New Mexico;Holloman AFB;NM;4128
New Mexico;La Cienega;NM;4110
New Mexico;Bosque Farms;NM;4010
New Mexico;Placitas;NM;3863
New Mexico;Peralta;NM;3392
New Mexico;Chimayo;NM;3208
New Mexico;Vado;NM;3199
New York;New York;NY;18972871
New York;Brooklyn;NY;2736074
New York;Queens;NY;2405464
New York;Manhattan;NY;1694263
New York;Bronx;NY;1472654
New York;Buffalo;NY;1004655
New York;Rochester;NY;737309
New York;Albany;NY;604077
New York;Staten Island;NY;495747
New York;Poughkeepsie;NY;423386
New York;Syracuse;NY;418875
New York;Yonkers;NY;209730
New York;Binghamton;NY;146870
New York;Utica;NY;112948
New York;New Rochelle;NY;80685
New York;Mount Vernon;NY;72855
New York;Schenectady;NY;66809
New York;Saratoga Springs;NY;66290
New York;Brentwood;NY;66035
New York;Glens Falls;NY;66024
New York;Elmira;NY;63404
New York;White Plains;NY;59452
New York;Levittown;NY;52540
New York;Troy;NY;50717
New York;Niagara Falls;NY;48763
New York;Freeport;NY;44328
New York;West Babylon;NY;43397
New York;Hicksville;NY;43107
New York;Coram;NY;41431
New York;Valley Stream;NY;40304
New York;East Meadow;NY;38078
New York;Elmont;NY;36741
New York;Central Islip;NY;36292
New York;Commack;NY;36252
New York;Long Beach;NY;34820
New York;New City;NY;34118
New York;Huntington Station;NY;34050
New York;Baldwin;NY;33352
New York;Spring Valley;NY;32953
New York;Uniondale;NY;32791
New York;Kiryas Joel;NY;32498
New York;Franklin Square;NY;32381
New York;Rome;NY;32309
New York;Centereach;NY;31979
New York;Ithaca;NY;31819
New York;Bay Shore;NY;31488
New York;Port Chester;NY;31317
New York;Oceanside;NY;31182
New York;North Tonawanda;NY;30592
New York;Middletown;NY;30086
New York;Jamestown;NY;28818
New York;Harrison;NY;28635
New York;Glen Cove;NY;28187
New York;Shirley;NY;28059
New York;West Islip;NY;27557
New York;Monsey;NY;27359
New York;Lindenhurst;NY;27169
New York;Holbrook;NY;26958
New York;Auburn;NY;26913
New York;Deer Park;NY;26803
North Carolina;Charlotte;NC;1516107
North Carolina;Raleigh;NC;1062018
North Carolina;Winston-Salem;NC;420400
North Carolina;Durham;NC;399762
North Carolina;Greensboro;NC;345270
North Carolina;Fayetteville;NC;328827
North Carolina;Asheville;NC;316694
North Carolina;Concord;NC;264492
North Carolina;Wilmington;NC;247372
North Carolina;Hickory;NC;211042
North Carolina;Gastonia;NC;194190
North Carolina;High Point;NC;178800
North Carolina;Cary;NC;171603
North Carolina;Burlington;NC;137096
North Carolina;Greenville;NC;122921
North Carolina;Jacksonville;NC;108549
North Carolina;Rocky Mount;NC;61952
North Carolina;Chapel Hill;NC;60920
North Carolina;Huntersville;NC;60166
North Carolina;Apex;NC;58066
North Carolina;Kannapolis;NC;52173
North Carolina;Mooresville;NC;48431
North Carolina;Wilson;NC;47914
North Carolina;Wake Forest;NC;46387
North Carolina;Holly Springs;NC;40198
North Carolina;Indian Trail;NC;39603
North Carolina;Salisbury;NC;35258
North Carolina;Monroe;NC;34464
North Carolina;Goldsboro;NC;33214
North Carolina;Fuquay-Varina;NC;33135
North Carolina;New Bern;NC;31058
North Carolina;Cornelius;NC;30925
North Carolina;Garner;NC;30859
North Carolina;Sanford;NC;30024
North Carolina;Matthews;NC;29417
North Carolina;Morrisville;NC;28824
North Carolina;Statesville;NC;27777
North Carolina;Thomasville;NC;26941
North Carolina;Asheboro;NC;26729
North Carolina;Kernersville;NC;26376
North Carolina;Mint Hill;NC;26236
North Carolina;Clayton;NC;25486
North Carolina;Leland;NC;22794
North Carolina;Shelby;NC;21564
North Carolina;Carrboro;NC;21237
North Carolina;Clemmons;NC;21032
North Carolina;Kinston;NC;19888
North Carolina;Waxhaw;NC;19645
North Carolina;Lexington;NC;19347
North Carolina;Lumberton;NC;19186
North Carolina;Knightdale;NC;18614
North Carolina;Elizabeth City;NC;18466
North Carolina;Harrisburg;NC;18415
North Carolina;Lenoir;NC;18205
North Carolina;Boone;NC;18055
North Carolina;Havelock;NC;17570
North Carolina;Hope Mills;NC;17421
North Carolina;Morganton;NC;17389
North Carolina;Mount Holly;NC;17315
North Carolina;Pinehurst;NC;17250
North Dakota;Fargo;ND;207310
North Dakota;Bismarck;ND;89825
North Dakota;Grand Forks;ND;63767
North Dakota;Minot;ND;48005
North Dakota;West Fargo;ND;37913
North Dakota;Williston;ND;27368
North Dakota;Dickinson;ND;24851
North Dakota;Mandan;ND;23784
North Dakota;Jamestown;ND;15823
North Dakota;Wahpeton;ND;7928
North Dakota;Valley City;ND;6586
North Dakota;Watford City;ND;5725
North Dakota;Minot AFB;ND;5375
North Dakota;Grafton;ND;4186
North Dakota;Lincoln;ND;4126
North Dakota;Horace;ND;3141
North Dakota;Beulah;ND;3070
North Dakota;New Town;ND;2745
North Dakota;Grand Forks AFB;ND;2678
North Dakota;Hazen;ND;2564
North Dakota;Rugby;ND;2546
North Dakota;Casselton;ND;2493
North Dakota;Bottineau;ND;2141
North Dakota;Carrington;ND;2133
North Dakota;Lisbon;ND;2109
North Dakota;Stanley;ND;2079
North Dakota;Oakes;ND;1981
North Dakota;Mayville;ND;1964
North Dakota;Langdon;ND;1924
North Dakota;Belcourt;ND;1751
North Dakota;Harvey;ND;1701
North Dakota;Hillsboro;ND;1613
North Dakota;Bowman;ND;1604
North Dakota;Park River;ND;1577
North Dakota;Garrison;ND;1577
North Dakota;Washburn;ND;1545
North Dakota;Burlington;ND;1534
North Dakota;Surrey;ND;1430
North Dakota;Larimore;ND;1385
North Dakota;New Rockford;ND;1374
North Dakota;Cavalier;ND;1357
North Dakota;Tioga;ND;1335
North Dakota;Parshall;ND;1317
North Dakota;Cando;ND;1228
North Dakota;Shell Valley;ND;1227
North Dakota;Thompson;ND;1194
North Dakota;Rolla;ND;1192
North Dakota;Mapleton;ND;1169
North Dakota;Fort Totten;ND;1167
North Dakota;Velva;ND;1120
North Dakota;Hettinger;ND;1116
North Dakota;Crosby;ND;1076
North Dakota;Ellendale;ND;1067
North Dakota;Enderlin;ND;1039
North Dakota;Beach;ND;1017
North Dakota;Kenmare;ND;995
North Dakota;Linton;ND;966
North Dakota;Gwinner;ND;951
North Dakota;New Salem;ND;910
North Dakota;Walhalla;ND;906
Ohio;Cincinnati;OH;1712287
Ohio;Cleveland;OH;1683059
Ohio;Columbus;OH;1556848
Ohio;Dayton;OH;709300
Ohio;Akron;OH;546549
Ohio;Toledo;OH;490832
Ohio;Youngstown;OH;363541
Ohio;Canton;OH;277741
Ohio;Lorain;OH;186500
Ohio;Middletown;OH;95296
Ohio;Springfield;OH;85121
Ohio;Parma;OH;80880
Ohio;Newark;OH;78447
Ohio;Mansfield;OH;74021
Ohio;Lima;OH;69440
Ohio;Hamilton;OH;63127
Ohio;Kettering;OH;57503
Ohio;Elyria;OH;52853
Ohio;Cuyahoga Falls;OH;50906
Ohio;Lakewood;OH;50841
Ohio;Euclid;OH;49382
Ohio;Dublin;OH;48613
Ohio;Mentor;OH;47369
Ohio;Beavercreek;OH;46320
Ohio;Strongsville;OH;46187
Ohio;Cleveland Heights;OH;45267
Ohio;Fairfield;OH;44550
Ohio;Huber Heights;OH;42650
Ohio;Grove City;OH;41025
Ohio;Delaware;OH;41004
Ohio;Lancaster;OH;40360
Ohio;Findlay;OH;40323
Ohio;Reynoldsburg;OH;39803
Ohio;Warren;OH;39334
Ohio;Westerville;OH;38960
Ohio;Upper Arlington;OH;36566
Ohio;Marion;OH;36053
Ohio;Gahanna;OH;35626
Ohio;Hilliard;OH;35530
Ohio;Brunswick;OH;35272
Ohio;North Ridgeville;OH;34883
Ohio;Stow;OH;34556
Ohio;Fairborn;OH;34398
Ohio;Mason;OH;34337
Ohio;Westlake;OH;34049
Ohio;North Olmsted;OH;32371
Ohio;Massillon;OH;32199
Ohio;North Royalton;OH;31150
Ohio;Bowling Green;OH;30715
Ohio;Austintown;OH;30179
Ohio;Garfield Heights;OH;29585
Ohio;Shaker Heights;OH;29197
Ohio;Kent;OH;27912
Ohio;Green;OH;27267
Ohio;Wooster;OH;26753
Ohio;Troy;OH;26093
Ohio;Medina;OH;26011
Ohio;Xenia;OH;25411
Ohio;Barberton;OH;25309
Ohio;Sandusky;OH;25066
Oklahoma;Oklahoma City;OK;994284
Oklahoma;Tulsa;OK;715983
Oklahoma;Norman;OK;125745
Oklahoma;Broken Arrow;OK;112751
Oklahoma;Edmond;OK;93522
Oklahoma;Lawton;OK;91247
Oklahoma;Moore;OK;62633
Oklahoma;Midwest City;OK;58146
Oklahoma;Enid;OK;51129
Oklahoma;Stillwater;OK;48055
Oklahoma;Owasso;OK;37559
Oklahoma;Muskogee;OK;37214
Oklahoma;Bartlesville;OK;37074
Oklahoma;Shawnee;OK;31237
Oklahoma;Bixby;OK;28091
Oklahoma;Jenks;OK;25210
Oklahoma;Ardmore;OK;24829
Oklahoma;Ponca City;OK;24499
Oklahoma;Yukon;OK;23697
Oklahoma;Duncan;OK;22664
Oklahoma;Sapulpa;OK;21853
Oklahoma;Del City;OK;21778
Oklahoma;Bethany;OK;20542
Oklahoma;Sand Springs;OK;19935
Oklahoma;Mustang;OK;19847
Oklahoma;Claremore;OK;19173
Oklahoma;Altus;OK;18825
Oklahoma;Durant;OK;18358
Oklahoma;McAlester;OK;18225
Oklahoma;El Reno;OK;17164
Oklahoma;Ada;OK;16804
Oklahoma;Tahlequah;OK;16213
Oklahoma;Chickasha;OK;15655
Oklahoma;Glenpool;OK;13446
Oklahoma;Miami;OK;12997
Oklahoma;Guymon;OK;12804
Oklahoma;Woodward;OK;12246
Oklahoma;Choctaw;OK;12130
Oklahoma;Weatherford;OK;12034
Oklahoma;Elk City;OK;11743
Oklahoma;Okmulgee;OK;11330
Oklahoma;Newcastle;OK;10970
Oklahoma;Guthrie;OK;10767
Oklahoma;Warr Acres;OK;10443
Oklahoma;Coweta;OK;9696
Oklahoma;The Village;OK;9510
Oklahoma;Pryor Creek;OK;9439
Oklahoma;Poteau;OK;8741
Oklahoma;Clinton;OK;8612
Oklahoma;Blanchard;OK;8511
Oklahoma;Sallisaw;OK;8503
Oklahoma;Skiatook;OK;8396
Oklahoma;Cushing;OK;8201
Oklahoma;Catoosa;OK;7821
Oklahoma;Collinsville;OK;7765
Oklahoma;Wagoner;OK;7694
Oklahoma;Tuttle;OK;7412
Oklahoma;Piedmont;OK;7306
Oklahoma;Seminole;OK;7131
Oklahoma;Noble;OK;7078
Oregon;Portland;OR;2036875
Oregon;Eugene;OR;273904
Oregon;Salem;OR;268634
Oregon;Medford;OR;178457
Oregon;Gresham;OR;114164
Oregon;Bend;OR;109224
Oregon;Hillsboro;OR;105909
Oregon;Beaverton;OR;97466
Oregon;Albany;OR;66405
Oregon;Corvallis;OR;66090
Oregon;Springfield;OR;62138
Oregon;Tigard;OR;54750
Oregon;Aloha;OR;52704
Oregon;Lake Oswego;OR;40390
Oregon;Keizer;OR;39119
Oregon;Grants Pass;OR;38902
Oregon;Oregon City;OR;37160
Oregon;McMinnville;OR;34224
Oregon;Redmond;OR;33160
Oregon;Bethany;OR;29277
Oregon;Tualatin;OR;27821
Oregon;West Linn;OR;27173
Oregon;Wilsonville;OR;25887
Oregon;Woodburn;OR;25877
Oregon;Forest Grove;OR;25767
Oregon;Newberg;OR;25108
Oregon;Roseburg;OR;23551
Oregon;Happy Valley;OR;23442
Oregon;Hayesville;OR;21887
Oregon;Klamath Falls;OR;21710
Oregon;Ashland;OR;21348
Oregon;Milwaukie;OR;21108
Oregon;Sherwood;OR;20281
Oregon;Altamont;OR;19569
Oregon;Hermiston;OR;19141
Oregon;Cedar Mill;OR;18987
Oregon;Central Point;OR;18948
Oregon;Lebanon;OR;18150
Oregon;Canby;OR;18078
Oregon;Oak Grove;OR;17382
Oregon;Pendleton;OR;16861
Oregon;Dallas;OR;16663
Oregon;Four Corners;OR;16608
Oregon;Troutdale;OR;16353
Oregon;The Dalles;OR;15942
Oregon;Coos Bay;OR;15921
Oregon;St. Helens;OR;13808
Oregon;La Grande;OR;13212
Oregon;Oatfield;OR;12993
Oregon;Cornelius;OR;12893
Oregon;Sandy;OR;12383
Oregon;Gladstone;OR;12017
Oregon;Oak Hills;OR;11715
Oregon;Santa Clara;OR;11680
Oregon;Ontario;OR;11465
Oregon;Fairview;OR;11075
Oregon;Damascus;OR;10878
Oregon;Monmouth;OR;10735
Oregon;Prineville;OR;10611
Oregon;Cottage Grove;OR;10569
Pennsylvania;Philadelphia;PA;5512873
Pennsylvania;Pittsburgh;PA;1720279
Pennsylvania;Allentown;PA;714136
Pennsylvania;Harrisburg;PA;472261
Pennsylvania;Lancaster;PA;430621
Pennsylvania;Scranton;PA;376974
Pennsylvania;Reading;PA;299068
Pennsylvania;York;PA;236818
Pennsylvania;Erie;PA;186489
Pennsylvania;Pottstown;PA;115413
Pennsylvania;State College;PA;88526
Pennsylvania;Lebanon;PA;80620
Pennsylvania;Bethlehem;PA;75599
Pennsylvania;Altoona;PA;73374
Pennsylvania;Hanover;PA;67037
Pennsylvania;Levittown;PA;51100
Pennsylvania;Wilkes-Barre;PA;44086
Pennsylvania;Norristown;PA;35607
Pennsylvania;Bethel Park;PA;33356
Pennsylvania;Chester;PA;32819
Pennsylvania;Hazleton;PA;29339
Pennsylvania;Monroeville;PA;28607
Pennsylvania;Drexel Hill;PA;28538
Pennsylvania;Williamsport;PA;27908
Pennsylvania;Easton;PA;27860
Pennsylvania;Plum;PA;27123
Pennsylvania;King of Prussia;PA;23841
Pennsylvania;Allison Park;PA;23160
Pennsylvania;Chambersburg;PA;22141
Pennsylvania;New Castle;PA;21992
Pennsylvania;Baldwin;PA;21274
Pennsylvania;Murrysville;PA;20810
Pennsylvania;Carlisle;PA;19869
Pennsylvania;West Mifflin;PA;19638
Pennsylvania;Johnstown;PA;18647
Pennsylvania;West Chester;PA;18592
Pennsylvania;Lansdale;PA;18509
Pennsylvania;Phoenixville;PA;18437
Pennsylvania;McKeesport;PA;17935
Pennsylvania;Middletown;PA;16964
Pennsylvania;Hermitage;PA;16240
Pennsylvania;Colonial Park;PA;16132
Pennsylvania;Fullerton;PA;16131
Pennsylvania;Franklin Park;PA;15239
Pennsylvania;Greensburg;PA;14982
Pennsylvania;Hershey;PA;14619
Pennsylvania;Weigelstown;PA;14593
Pennsylvania;Wilkinsburg;PA;14492
Pennsylvania;Ardmore;PA;14391
Pennsylvania;Dunmore;PA;14009
Pennsylvania;Willow Grove;PA;13958
Pennsylvania;Ephrata;PA;13767
Pennsylvania;Indiana;PA;13573
Pennsylvania;Butler;PA;13452
Pennsylvania;Pottsville;PA;13413
Pennsylvania;Washington;PA;13322
Pennsylvania;Coatesville;PA;13306
Pennsylvania;Kingston;PA;13304
Pennsylvania;Sharon;PA;13203
Pennsylvania;Carnot-Moon;PA;13196
Rhode Island;Providence;RI;1270149
Rhode Island;Warwick;RI;82666
Rhode Island;Cranston;RI;82654
Rhode Island;Pawtucket;RI;75200
Rhode Island;East Providence;RI;47171
Rhode Island;Woonsocket;RI;43044
Rhode Island;Newport;RI;25322
Rhode Island;Central Falls;RI;22192
Rhode Island;Valley Falls;RI;12064
Rhode Island;Newport East;RI;11903
Rhode Island;Greenville;RI;8955
Rhode Island;Cumberland Hill;RI;8925
Rhode Island;Kingston;RI;6496
Rhode Island;Pascoag;RI;4471
Rhode Island;Narragansett Pier;RI;3265
Rhode Island;Melville;RI;1838
Rhode Island;Hope Valley;RI;1717
Rhode Island;Chepachet;RI;1691
Rhode Island;Ashaway;RI;1539
Rhode Island;Harmony;RI;1493
Rhode Island;Harrisville;RI;1459
Rhode Island;Bradford;RI;1315
Rhode Island;Greene;RI;1032
Rhode Island;Carolina;RI;982
Rhode Island;Weekapaug;RI;479
Rhode Island;Misquamicut;RI;406
Rhode Island;Quonochontaug;RI;331
Rhode Island;Foster Center;RI;276
Rhode Island;Watch Hill;RI;274
Rhode Island;Wyoming;RI;182
Rhode Island;Clayville;RI;109
South Carolina;Charleston;SC;685517
South Carolina;Columbia;SC;640502
South Carolina;Greenville;SC;450487
South Carolina;Myrtle Beach;SC;281180
South Carolina;Spartanburg;SC;216021
South Carolina;Mauldin;SC;149687
South Carolina;Rock Hill;SC;115292
South Carolina;North Charleston;SC;114542
South Carolina;Mount Pleasant;SC;88900
South Carolina;Florence;SC;88709
South Carolina;Anderson;SC;80657
South Carolina;Sumter;SC;77626
South Carolina;Hilton Head Island;SC;74248
South Carolina;Summerville;SC;50318
South Carolina;Goose Creek;SC;44502
South Carolina;Greer;SC;35151
South Carolina;Aiken;SC;31516
South Carolina;Bluffton;SC;27596
South Carolina;Socastee;SC;24657
South Carolina;Carolina Forest;SC;24642
South Carolina;Fort Mill;SC;24069
South Carolina;North Augusta;SC;24013
South Carolina;Taylors;SC;23348
South Carolina;Simpsonville;SC;23190
South Carolina;Lexington;SC;23068
South Carolina;Easley;SC;22643
South Carolina;Greenwood;SC;22363
South Carolina;Conway;SC;22001
South Carolina;St. Andrews;SC;21383
South Carolina;Wade Hampton;SC;20879
South Carolina;Hanahan;SC;20381
South Carolina;Five Forks;SC;19158
South Carolina;North Myrtle Beach;SC;18502
South Carolina;West Columbia;SC;17265
South Carolina;Clemson;SC;17238
South Carolina;Red Hill;SC;16060
South Carolina;Berea;SC;15892
South Carolina;Seven Oaks;SC;15561
South Carolina;Dentsville;SC;15245
South Carolina;Gantt;SC;14790
South Carolina;Ladson;SC;14711
South Carolina;Cayce;SC;13637
South Carolina;Lake Wylie;SC;13560
South Carolina;Parker;SC;13019
South Carolina;Beaufort;SC;12899
South Carolina;Orangeburg;SC;12779
South Carolina;Port Royal;SC;12734
South Carolina;Moncks Corner;SC;12685
South Carolina;Gaffney;SC;12560
South Carolina;Tega Cay;SC;12336
South Carolina;Oak Grove;SC;11803
South Carolina;James Island;SC;11618
South Carolina;Irmo;SC;11581
South Carolina;Forest Acres;SC;10621
South Carolina;Garden City;SC;10600
South Carolina;Boiling Springs;SC;10591
South Carolina;Newberry;SC;10496
South Carolina;Fountain Inn;SC;10237
South Carolina;Red Bank;SC;10070
South Carolina;Little River;SC;9929
South Dakota;Sioux Falls;SD;189258
South Dakota;Rapid City;SD;88076
South Dakota;Aberdeen;SD;28500
South Dakota;Brookings;SD;23432
South Dakota;Watertown;SD;22577
South Dakota;Mitchell;SD;15677
South Dakota;Yankton;SD;15332
South Dakota;Pierre;SD;14126
South Dakota;Huron;SD;14060
South Dakota;Spearfish;SD;12031
South Dakota;Box Elder;SD;11527
South Dakota;Vermillion;SD;11506
South Dakota;Brandon;SD;10745
South Dakota;Rapid Valley;SD;7875
South Dakota;Sturgis;SD;7088
South Dakota;Harrisburg;SD;6645
South Dakota;Madison;SD;6388
South Dakota;Belle Fourche;SD;5561
South Dakota;Tea;SD;5535
South Dakota;Dell Rapids;SD;3940
South Dakota;Dakota Dunes;SD;3688
South Dakota;Milbank;SD;3488
South Dakota;Hot Springs;SD;3407
South Dakota;Hartford;SD;3263
South Dakota;Mobridge;SD;3215
South Dakota;Pine Ridge;SD;3085
South Dakota;Blackhawk;SD;3081
South Dakota;Canton;SD;3054
South Dakota;Lead;SD;2989
South Dakota;North Sioux City;SD;2956
South Dakota;Winner;SD;2882
South Dakota;Summerset;SD;2875
South Dakota;Lennox;SD;2617
South Dakota;Sisseton;SD;2433
South Dakota;Fort Pierre;SD;2426
South Dakota;Colonial Pine Hills;SD;2425
South Dakota;Chamberlain;SD;2400
South Dakota;Beresford;SD;2359
South Dakota;Flandreau;SD;2298
South Dakota;Elk Point;SD;2248
South Dakota;North Spearfish;SD;2198
South Dakota;Redfield;SD;2160
South Dakota;Volga;SD;2146
South Dakota;Springfield;SD;2108
South Dakota;Custer;SD;2067
South Dakota;Rosebud;SD;1994
South Dakota;Webster;SD;1772
South Dakota;Parkston;SD;1761
South Dakota;North Eagle Butte;SD;1731
South Dakota;Freeman;SD;1711
South Dakota;Groton;SD;1641
South Dakota;Wagner;SD;1533
South Dakota;Clear Lake;SD;1509
South Dakota;Gettysburg;SD;1464
South Dakota;Eagle Butte;SD;1421
South Dakota;Kyle;SD;1398
South Dakota;Garretson;SD;1367
South Dakota;Crooks;SD;1365
South Dakota;Aurora;SD;1339
South Dakota;Miller;SD;1338
Tennessee;Nashville;TN;1098486
Tennessee;Memphis;TN;1034498
Tennessee;Knoxville;TN;619925
Tennessee;Chattanooga;TN;403233
Tennessee;Clarksville;TN;198689
Tennessee;Murfreesboro;TN;181450
Tennessee;Johnson City;TN;131902
Tennessee;Kingsport;TN;98767
Tennessee;Franklin;TN;81531
Tennessee;Cleveland;TN;72589
Tennessee;Jackson;TN;71983
Tennessee;Bristol;TN;69734
Tennessee;Hendersonville;TN;60628
Tennessee;Bartlett;TN;57639
Tennessee;Smyrna;TN;52401
Tennessee;Collierville;TN;50669
Tennessee;Spring Hill;TN;48403
Tennessee;Brentwood;TN;44354
Tennessee;Gallatin;TN;43306
Tennessee;Columbia;TN;40957
Tennessee;Germantown;TN;40955
Tennessee;La Vergne;TN;38127
Tennessee;Mount Juliet;TN;38059
Tennessee;Lebanon;TN;37471
Tennessee;Cookeville;TN;34068
Tennessee;Maryville;TN;31281
Tennessee;Oak Ridge;TN;31087
Tennessee;Morristown;TN;30387
Tennessee;Farragut;TN;23388
Tennessee;Shelbyville;TN;23005
Tennessee;East Ridge;TN;21967
Tennessee;Tullahoma;TN;20599
Tennessee;Springfield;TN;18561
Tennessee;Sevierville;TN;18038
Tennessee;Goodlettsville;TN;17522
Tennessee;Dyersburg;TN;16235
Tennessee;Dickson;TN;15855
Tennessee;Seymour;TN;15633
Tennessee;Greeneville;TN;15361
Tennessee;Arlington;TN;14158
Tennessee;Elizabethton;TN;14112
Tennessee;Athens;TN;13961
Tennessee;Powell;TN;13855
Tennessee;McMinnville;TN;13699
Tennessee;Lakeland;TN;13693
Tennessee;Nolensville;TN;13393
Tennessee;Soddy-Daisy;TN;13090
Tennessee;Portland;TN;13031
Tennessee;White House;TN;12820
Tennessee;Lewisburg;TN;12131
Tennessee;Manchester;TN;11956
Tennessee;Crossville;TN;11892
Tennessee;Red Bank;TN;11855
Tennessee;Halls;TN;11753
Tennessee;Middle Valley;TN;11569
Tennessee;Hartsville;TN;11463
Tennessee;Lawrenceburg;TN;11460
Tennessee;Union City;TN;11119
Tennessee;Collegedale;TN;10973
Tennessee;Alcoa;TN;10777
Texas;Dallas;TX;5668165
Texas;Houston;TX;5650910
Texas;San Antonio;TX;1910785
Texas;Austin;TX;1659251
Texas;Fort Worth;TX;908469
Texas;McAllen;TX;809002
Texas;El Paso;TX;794344
Texas;Denton;TX;445814
Texas;Arlington;TX;392304
Texas;Corpus Christi;TX;333764
Texas;The Woodlands;TX;292380
Texas;Plano;TX;282181
Texas;Lubbock;TX;259946
Texas;Laredo;TX;256748
Texas;Irving;TX;254184
Texas;McKinney;TX;248840
Texas;Garland;TX;245075
Texas;Killeen;TX;238288
Texas;Brownsville;TX;235735
Texas;College Station;TX;207514
Texas;Amarillo;TX;204357
Texas;Grand Prairie;TX;195992
Texas;Frisco;TX;193140
Texas;Waco;TX;187172
Texas;Port Arthur;TX;156988
Texas;Pasadena;TX;151964
Texas;Mesquite;TX;149848
Texas;Harlingen;TX;148545
Texas;Tyler;TX;143895
Texas;Beaumont;TX;137549
Texas;Odessa;TX;134793
Texas;Carrollton;TX;131388
Texas;Midland;TX;130765
Texas;Abilene;TX;125474
Texas;Pearland;TX;122609
Texas;Texas City;TX;122017
Texas;Round Rock;TX;117735
Texas;Richardson;TX;115904
Texas;Temple;TX;115809
Texas;League City;TX;111847
Texas;Sugar Land;TX;110272
Texas;Lewisville;TX;110077
Texas;Allen;TX;102778
Texas;Wichita Falls;TX;102563
Texas;San Angelo;TX;100330
Texas;Edinburg;TX;98759
Texas;Longview;TX;98075
Texas;Conroe;TX;87930
Texas;New Braunfels;TX;87549
Texas;Mission;TX;85311
Texas;Bryan;TX;85204
Texas;Atascocita;TX;84222
Texas;Baytown;TX;82543
Texas;Texarkana;TX;79304
Texas;Pharr;TX;78997
Texas;Flower Mound;TX;75050
Texas;Cedar Park;TX;74741
Texas;Missouri City;TX;73682
Texas;Lake Jackson;TX;73478
Texas;Mansfield;TX;71375
Utah;Salt Lake City;UT;1135344
Utah;Ogden;UT;608259
Utah;Provo;UT;551645
Utah;West Valley City;UT;139361
Utah;St. George;UT;127890
Utah;West Jordan;UT;116045
Utah;Logan;UT;106319
Utah;Orem;UT;96734
Utah;Sandy;UT;96272
Utah;Layton;UT;80858
Utah;South Jordan;UT;75617
Utah;Lehi;UT;73911
Utah;Millcreek;UT;63430
Utah;Taylorsville;UT;60295
Utah;Herriman;UT;52860
Utah;Murray;UT;50183
Utah;Draper;UT;49978
Utah;Bountiful;UT;45496
Utah;Riverton;UT;44773
Utah;Eagle Mountain;UT;42905
Utah;Spanish Fork;UT;41953
Utah;Roy;UT;39076
Utah;Pleasant Grove;UT;37228
Utah;Saratoga Springs;UT;36977
Utah;Kearns;UT;36842
Utah;Midvale;UT;35313
Utah;Tooele;UT;35223
Utah;Springville;UT;34750
Utah;Cedar City;UT;34246
Utah;Cottonwood Heights;UT;33597
Utah;American Fork;UT;32822
Utah;Kaysville;UT;32438
Utah;Clearfield;UT;31802
Utah;Holladay;UT;31738
Utah;Syracuse;UT;31715
Utah;Magna;UT;29128
Utah;Washington;UT;27689
Utah;South Salt Lake;UT;26086
Utah;Farmington;UT;23990
Utah;Clinton;UT;23192
Utah;North Salt Lake;UT;21411
Utah;Payson;UT;21093
Utah;North Ogden;UT;20703
Utah;Hurricane;UT;19501
Utah;Brigham City;UT;19373
Utah;Highland;UT;18913
Utah;South Ogden;UT;17363
Utah;West Haven;UT;16918
Utah;Centerville;UT;16711
Utah;Bluffdale;UT;16576
Utah;Heber;UT;16416
Utah;Santaquin;UT;13602
Utah;Smithfield;UT;13263
Utah;Grantsville;UT;12331
Utah;Vineyard;UT;11579
Utah;Woods Cross;UT;11372
Utah;Lindon;UT;11346
Utah;Mapleton;UT;11226
Utah;West Point;UT;10963
Utah;Pleasant View;UT;10733
Vermont;Burlington;VT;115682
Vermont;South Burlington;VT;20042
Vermont;Rutland;VT;15934
Vermont;Essex Junction;VT;10473
Vermont;Barre;VT;8514
Vermont;Winooski;VT;8015
Vermont;Montpelier;VT;7966
Vermont;St. Albans;VT;6866
Vermont;Newport;VT;4446
Vermont;Wilder;VT;3375
Vermont;White River Junction;VT;2776
Vermont;West Brattleboro;VT;2770
Vermont;Bellows Falls;VT;2734
Vermont;Vergennes;VT;2573
Vermont;Morrisville;VT;2326
Vermont;Manchester Center;VT;2096
Vermont;North Bennington;VT;1539
Vermont;Proctor;VT;1470
Vermont;Enosburg Falls;VT;1369
Vermont;Lyndonville;VT;1317
Vermont;South Barre;VT;1280
Vermont;Orleans;VT;1085
Vermont;Castleton Four Corners;VT;933
Vermont;East Barre;VT;903
Vermont;Underhill Flats;VT;843
Vermont;Island Pond;VT;837
Vermont;Derby Line;VT;753
Vermont;Jeffersonville;VT;696
Vermont;Derby Center;VT;667
Vermont;Saxtons River;VT;634
Vermont;Graniteville;VT;632
Vermont;Huntington;VT;577
Vermont;North Troy;VT;570
Vermont;Hartford Village;VT;569
Vermont;Pownal;VT;568
Vermont;South Shaftsbury;VT;566
Vermont;Pownal Center;VT;546
Vermont;North Springfield;VT;540
Vermont;Stamford;VT;507
Vermont;Ascutney;VT;505
Vermont;North Clarendon;VT;471
Vermont;North Hyde Park;VT;442
Vermont;East Middlebury;VT;437
Vermont;Killington Village;VT;433
Vermont;North Pownal;VT;429
Vermont;Bakersfield;VT;409
Vermont;Quechee;VT;382
Vermont;South Royalton;VT;375
Vermont;Wells River;VT;372
Vermont;Saint George;VT;366
Vermont;Lunenburg;VT;333
Vermont;Proctorsville;VT;328
Vermont;Lyndon Center;VT;313
Vermont;West Pawlet;VT;307
Vermont;Greensboro Bend;VT;301
Vermont;North Hartland;VT;296
Vermont;Highgate Springs;VT;292
Vermont;South Londonderry;VT;287
Vermont;Jacksonville;VT;284
Vermont;Websterville;VT;272
Virginia;Virginia Beach;VA;1500764
Virginia;Richmond;VA;1008069
Virginia;Chesapeake;VA;247172
Virginia;Norfolk;VA;238556
Virginia;Arlington;VA;235764
Virginia;Roanoke;VA;215781
Virginia;Newport News;VA;185069
Virginia;Alexandria;VA;158185
Virginia;Fredericksburg;VA;155414
Virginia;Hampton;VA;136748
Virginia;Lynchburg;VA;120877
Virginia;Charlottesville;VA;102164
Virginia;Portsmouth;VA;97454
Virginia;Blacksburg;VA;94398
Virginia;Suffolk;VA;93268
Virginia;Williamsburg;VA;83021
Virginia;Harrisonburg;VA;74901
Virginia;Winchester;VA;74593
Virginia;Dale City;VA;73716
Virginia;Centreville;VA;73064
Virginia;Reston;VA;62453
Virginia;McLean;VA;49310
Virginia;Leesburg;VA;48223
Virginia;Tuckahoe;VA;48187
Virginia;Ashburn;VA;44950
Virginia;Lake Ridge;VA;44697
Virginia;Burke;VA;44191
Virginia;Woodbridge;VA;42734
Virginia;Manassas;VA;42596
Virginia;Danville;VA;42556
Virginia;Linton Hall;VA;42089
Virginia;Annandale;VA;41869
Virginia;Mechanicsville;VA;37767
Virginia;Oakton;VA;36675
Virginia;Fair Oaks;VA;34437
Virginia;South Riding;VA;33828
Virginia;Petersburg;VA;33229
Virginia;Springfield;VA;31769
Virginia;Sterling;VA;31202
Virginia;West Falls Church;VA;31023
Virginia;Short Pump;VA;27332
Virginia;Tysons;VA;26171
Virginia;Staunton;VA;25358
Virginia;Salem;VA;25335
Virginia;Cave Spring;VA;25248
Virginia;Herndon;VA;24574
Virginia;Bailey's Crossroads;VA;24501
Virginia;Bull Run;VA;24235
Virginia;Fairfax;VA;23980
Virginia;Chantilly;VA;23564
Virginia;West Springfield;VA;23562
Virginia;Christiansburg;VA;23174
Virginia;Hopewell;VA;23020
Virginia;Woodlawn;VA;22590
Virginia;Chester;VA;22512
Virginia;Waynesboro;VA;22149
Virginia;Cherry Hill;VA;22118
Virginia;Brambleton;VA;21986
Virginia;Montclair;VA;21961
Virginia;Rose Hill;VA;21466
Washington;Seattle;WA;3438221
Washington;Spokane;WA;440270
Washington;Kennewick;WA;241230
Washington;Bremerton;WA;219538
Washington;Tacoma;WA;217332
Washington;Olympia;WA;200836
Washington;Vancouver;WA;188331
Washington;Marysville;WA;164655
Washington;Bellevue;WA;149365
Washington;Kent;WA;134890
Washington;Yakima;WA;130440
Washington;Bellingham;WA;129601
Washington;Everett;WA;110438
Washington;Renton;WA;105313
Washington;Spokane Valley;WA;102178
Washington;Federal Way;WA;99792
Washington;Kirkland;WA;91656
Washington;Auburn;WA;85306
Washington;Pasco;WA;76398
Washington;Redmond;WA;72166
Washington;Wenatchee;WA;71119
Washington;Longview;WA;67958
Washington;Mount Vernon;WA;67767
Washington;South Hill;WA;66713
Washington;Sammamish;WA;66532
Washington;Lakewood;WA;62972
Washington;Richland;WA;59718
Washington;Shoreline;WA;58213
Washington;Lacey;WA;52572
Washington;Burien;WA;51646
Washington;Bothell;WA;47355
Washington;Edmonds;WA;42622
Washington;Puyallup;WA;42366
Washington;Issaquah;WA;39057
Washington;Lynnwood;WA;38812
Washington;Parkland;WA;38092
Washington;Lake Stevens;WA;35135
Washington;Spanaway;WA;34670
Washington;University Place;WA;34565
Washington;Walla Walla;WA;33765
Washington;Graham;WA;33727
Washington;Pullman;WA;32968
Washington;Des Moines;WA;32631
Washington;SeaTac;WA;30867
Washington;Orchards;WA;28371
Washington;Maple Valley;WA;27643
Washington;Camas;WA;25774
Washington;Mill Creek East;WA;25528
Washington;Mercer Island;WA;25506
Washington;Tumwater;WA;24855
Washington;Moses Lake;WA;24764
Washington;North Lynnwood;WA;24562
Washington;Bainbridge Island;WA;24557
Washington;Oak Harbor;WA;24267
Washington;Kenmore;WA;23556
Washington;Eastmont;WA;23088
Washington;Union Hill-Novelty Hill;WA;23060
Washington;Cottage Lake;WA;22779
Washington;Martha Lake;WA;22251
Washington;Bonney Lake;WA;22229
West Virginia;Huntington;WV;199133
West Virginia;Charleston;WV;141640
West Virginia;Morgantown;WV;77193
West Virginia;Wheeling;WV;75065
West Virginia;Parkersburg;WV;68217
West Virginia;Weirton;WV;65447
West Virginia;Martinsburg;WV;18502
West Virginia;Fairmont;WV;18369
West Virginia;Beckley;WV;17261
West Virginia;Clarksburg;WV;16085
West Virginia;Teays Valley;WV;13805
West Virginia;South Charleston;WV;13595
West Virginia;St. Albans;WV;10842
West Virginia;Vienna;WV;10676
West Virginia;Cheat Lake;WV;10187
West Virginia;Bluefield;WV;9699
West Virginia;Cross Lanes;WV;9434
West Virginia;Bridgeport;WV;9165
West Virginia;Oak Hill;WV;8228
West Virginia;Moundsville;WV;8195
West Virginia;Dunbar;WV;7500
West Virginia;Elkins;WV;6980
West Virginia;Hurricane;WV;6901
West Virginia;Pea Ridge;WV;6783
West Virginia;Nitro;WV;6630
West Virginia;Brookhaven;WV;6606
West Virginia;Charles Town;WV;6373
West Virginia;Princeton;WV;5885
West Virginia;Ranson;WV;5404
West Virginia;Buckhannon;WV;5343
West Virginia;New Martinsville;WV;5208
West Virginia;Keyser;WV;4916
West Virginia;Grafton;WV;4773
West Virginia;Barboursville;WV;4280
West Virginia;Point Pleasant;WV;4124
West Virginia;Westover;WV;4085
West Virginia;Weston;WV;3963
West Virginia;Lewisburg;WV;3923
West Virginia;Ravenswood;WV;3866
West Virginia;Pinch;WV;3834
West Virginia;Blennerhassett;WV;3820
West Virginia;Summersville;WV;3467
West Virginia;Pleasant Valley;WV;3460
West Virginia;Shannondale;WV;3441
West Virginia;Sissonville;WV;3342
West Virginia;Shady Spring;WV;3317
West Virginia;Winfield;WV;3140
West Virginia;Ripley;WV;3100
West Virginia;Kingwood;WV;3091
West Virginia;Williamson;WV;3054
West Virginia;Kenova;WV;3052
West Virginia;Welch;WV;3050
West Virginia;Moorefield;WV;3019
West Virginia;Williamstown;WV;2994
West Virginia;Philippi;WV;2922
West Virginia;Madison;WV;2913
West Virginia;Culloden;WV;2903
West Virginia;Fayetteville;WV;2882
West Virginia;Follansbee;WV;2842
West Virginia;Inwood;WV;2794
Wisconsin;Milwaukee;WI;1340981
Wisconsin;Madison;WI;461778
Wisconsin;Green Bay;WI;219472
Wisconsin;Appleton;WI;218448
Wisconsin;Racine;WI;135352
Wisconsin;Kenosha;WI;123061
Wisconsin;Eau Claire;WI;103586
Wisconsin;La Crosse;WI;99227
Wisconsin;Wausau;WI;76016
Wisconsin;Oshkosh;WI;74737
Wisconsin;Janesville;WI;71907
Wisconsin;Waukesha;WI;71307
Wisconsin;Sheboygan;WI;70234
Wisconsin;West Bend;WI;69672
Wisconsin;West Allis;WI;60220
Wisconsin;Wauwatosa;WI;48072
Wisconsin;Fond du Lac;WI;44412
Wisconsin;Brookfield;WI;41020
Wisconsin;New Berlin;WI;40289
Wisconsin;Menomonee Falls;WI;38219
Wisconsin;Greenfield;WI;37623
Wisconsin;Franklin;WI;36685
Wisconsin;Beloit;WI;36567
Wisconsin;Oak Creek;WI;36266
Wisconsin;Sun Prairie;WI;35528
Wisconsin;Manitowoc;WI;34267
Wisconsin;Fitchburg;WI;29361
Wisconsin;Mount Pleasant;WI;27572
Wisconsin;Neenah;WI;27194
Wisconsin;Superior;WI;26601
Wisconsin;Stevens Point;WI;25752
Wisconsin;Caledonia;WI;25288
Wisconsin;De Pere;WI;25216
Wisconsin;Muskego;WI;24991
Wisconsin;Mequon;WI;24814
Wisconsin;Watertown;WI;23030
Wisconsin;Middleton;WI;21634
Wisconsin;Pleasant Prairie;WI;21193
Wisconsin;South Milwaukee;WI;20785
Wisconsin;Germantown;WI;20780
Wisconsin;Howard;WI;19828
Wisconsin;Fox Crossing;WI;18907
Wisconsin;Onalaska;WI;18760
Wisconsin;Wisconsin Rapids;WI;18711
Wisconsin;Marshfield;WI;18668
Wisconsin;Cudahy;WI;18197
Wisconsin;Menasha;WI;18157
Wisconsin;Oconomowoc;WI;17969
Wisconsin;Ashwaubenon;WI;17042
Wisconsin;Kaukauna;WI;16929
Wisconsin;Menomonie;WI;16721
Wisconsin;Beaver Dam;WI;16594
Wisconsin;River Falls;WI;16058
Wisconsin;Bellevue;WI;15922
Wisconsin;Weston;WI;15609
Wisconsin;Hartford;WI;15526
Wisconsin;Whitefish Bay;WI;14818
Wisconsin;Greendale;WI;14735
Wisconsin;Waunakee;WI;14679
Wisconsin;Salem Lakes;WI;14630
Wyoming;Cheyenne;WY;76456
Wyoming;Casper;WY;63962
Wyoming;Gillette;WY;33047
Wyoming;Laramie;WY;31501
Wyoming;Rock Springs;WY;23505
Wyoming;Sheridan;WY;18660
Wyoming;Green River;WY;11887
Wyoming;Evanston;WY;11802
Wyoming;Jackson;WY;10728
Wyoming;Riverton;WY;10619
Wyoming;Cody;WY;10055
Wyoming;Rawlins;WY;8382
Wyoming;Lander;WY;7551
Wyoming;Powell;WY;6385
Wyoming;Douglas;WY;6330
Wyoming;Torrington;WY;6196
Wyoming;Ranchettes;WY;6179
Wyoming;Worland;WY;4843
Wyoming;Buffalo;WY;4389
Wyoming;South Greeley;WY;4385
Wyoming;Fox Farm-College;WY;4321
Wyoming;Mills;WY;4106
Wyoming;Wheatland;WY;3567
Wyoming;Newcastle;WY;3283
Wyoming;Glenrock;WY;2914
Wyoming;Bar Nunn;WY;2897
Wyoming;Warren AFB;WY;2884
Wyoming;Thermopolis;WY;2826
Wyoming;Evansville;WY;2730
Wyoming;Kemmerer;WY;2632
Wyoming;North Rock Springs;WY;2497
Wyoming;Hoback;WY;2268
Wyoming;Greybull;WY;2187
Wyoming;Afton;WY;2181
Wyoming;Lovell;WY;2176
Wyoming;Star Valley Ranch;WY;2168
Wyoming;Pinedale;WY;2058
Wyoming;South Park;WY;1896
Wyoming;Wright;WY;1754
Wyoming;Lyman;WY;1729
Wyoming;Saratoga;WY;1693
Wyoming;Arapahoe;WY;1665
Wyoming;Fort Washakie;WY;1647
Wyoming;Lusk;WY;1577
Wyoming;Ethete;WY;1561
Wyoming;Wilson;WY;1407
Wyoming;Sundance;WY;1361
Wyoming;Basin;WY;1356
Wyoming;Pine Bluffs;WY;1273
Wyoming;Grover;WY;1269
Wyoming;Ranchester;WY;1211
Wyoming;Marbleton;WY;1165
Wyoming;Sleepy Hollow;WY;1140
Wyoming;Rafter J Ranch;WY;1139
Wyoming;Moose Wilson Road;WY;1130
Wyoming;Upton;WY;1031
Wyoming;Guernsey;WY;1016
Wyoming;Mountain View;WY;986
Wyoming;Bear River;WY;951
Wyoming;Hartrandt;WY;934
